"geneSet","motif","NES","AUC","TF_highConf","TF_lowConf","nEnrGenes","rankAtMax","enrichedGenes"
"DC_Gen3_Module","dbcorrdb__TBP__ENCSR000ECB_1__m3",6.87,0.171,"TBP (directAnnotation). ","",6,1312,"EEF1A1;RPL41;RPS27;TPT1;UBA52;UBB"
"DC_Gen3_Module","elemento__GCGCCGC",6.8,0.169,"","",3,151,"H3F3A;TMSB4X;UBB"
"DC_Gen3_Module","transfac_pro__M01784",6.27,0.157,"","",3,212,"EEF1A1;TPT1;UBB"
"DC_Gen3_Module","jaspar__MA0570.1",6.27,0.157,"","CREB3; CREB3L1; MAX; MYC; USF2 (inferredBy_MotifSimilarity). CREB3L2 (inferredBy_MotifSimilarity_n_Orthology). ",4,488,"CLUAP1;EEF1A1;H3F3A;TPT1"
"DC_Gen3_Module","dbcorrdb__POLR2A__ENCSR000BHN_1__m1",6.23,0.156,"POLR2A (directAnnotation). ","ATF3; ELK1; MYC; TAF1; YY1 (inferredBy_MotifSimilarity). ",8,2323,"EEF1A1;H3F3A;RPL41;RPS12;RPS27;TMSB4X;UBA52;UBB"
"DC_Gen3_Module","cisbp__M2363",6.04,0.152,"","CREB3; CREB3L1; MAX; MYC; USF2 (inferredBy_MotifSimilarity). CREB3L2 (inferredBy_MotifSimilarity_n_Orthology). ",4,565,"CLUAP1;EEF1A1;H3F3A;TPT1"
"DC_Gen3_Module","hocomoco__TAF1_MOUSE.H11MO.0.A",5.94,0.15,"TAF1; TAF1L (inferredBy_Orthology). ","KDM5A; POLR2A; TAF7; YY1 (inferredBy_MotifSimilarity). YY2 (inferredBy_MotifSimilarity_n_Orthology). ",5,1405,"EEF1A1;H3F3A;RPS27;TMSB4X;UBA52"
"DC_Gen3_Module","transfac_pro__M09448",5.77,0.146,"","",2,36,"H3F3A;RPS27"
"DC_Gen3_Module","cisbp__M1734",5.73,0.145,"","",4,742,"EEF1A1;H3F3A;TPT1;UBB"
"DC_Gen3_Module","cisbp__M5328",5.72,0.144,"CREB3L1 (directAnnotation). ","ATF6; ATF6B; CREB3; CREB3L2; CREB3L4; CREM; XBP1 (inferredBy_MotifSimilarity). ",3,225,"CLUAP1;RPS12;TPT1"
"DC_Gen3_Module","taipale__CREB3L1_full_NTGCCACGTCANCA",5.72,0.144,"CREB3L1 (directAnnotation). ","ATF6; ATF6B; CREB3; CREB3L2; CREB3L4; CREM; XBP1 (inferredBy_MotifSimilarity). ",3,234,"CLUAP1;RPS12;TPT1"
"DC_Gen3_Module","transfac_pro__M08982",5.7,0.144,"YY1 (directAnnotation). ","POLR2A; YY2; ZFP42; ZNF597 (inferredBy_MotifSimilarity). ",7,4293,"EEF1A1;H3F3A;OAZ1;RPL41;RPS27;TMSB4X;UBA52"
"DC_Gen3_Module","dbcorrdb__POLR2A__ENCSR000DMN_1__m1",5.66,0.143,"POLR2A (directAnnotation). ","EZH2; GABPA; MXI1; PHF8; TAF1 (inferredBy_MotifSimilarity). FLI1 (inferredBy_MotifSimilarity_n_Orthology). ",9,3758,"EEF1A1;F2R;H3F3A;RPS12;RPS27;TMSB4X;TPT1;UBA52;UBB"
"DC_Gen3_Module","transfac_pro__M09197",5.63,0.142,"","",3,305,"FTL;H3F3A;TMSB4X"
"DC_Gen3_Module","hocomoco__ZFP42_HUMAN.H11MO.0.A",5.61,0.142,"ZFP42 (directAnnotation). ","YY1; YY2; ZNF597 (inferredBy_MotifSimilarity). ",5,1312,"EEF1A1;H3F3A;OAZ1;RPS27;TMSB4X"
"DC_Gen3_Module","dbcorrdb__CHD1__ENCSR000AQD_1__m1",5.6,0.142,"CHD1 (directAnnotation). ","",3,223,"EEF1A1;H3F3A;RPS27"
"DC_Gen3_Module","cisbp__M0041",5.59,0.141,"","TAF1 (inferredBy_MotifSimilarity). ",3,200,"H3F3A;TMSB4X;UBB"
"DC_Gen3_Module","cisbp__M0012",5.52,0.14,"","",3,222,"H3F3A;TMSB4X;UBB"
"DC_Gen3_Module","jaspar__MA0994.1",5.47,0.139,"","",3,234,"H3F3A;TMSB4X;UBB"
"DC_Gen3_Module","transfac_pro__M07705",5.45,0.138,"SPDEF (inferredBy_Orthology). ","",3,321,"CLUAP1;H3F3A;TMSB4X"
"DC_Gen3_Module","swissregulon__hs__TFDP1.p2",5.41,0.137,"TFDP1 (directAnnotation). ","",10,4827,"CLUAP1;EEF1A1;F2R;FTL;H3F3A;RPL41;RPS12;RPS27;TMSB4X;UBB"
"DC_Gen3_Module","dbcorrdb__YY1__ENCSR000EUM_1__m1",5.4,0.137,"YY1 (directAnnotation). ","NR3C1; TAF1; YY2; ZFP42; ZNF597 (inferredBy_MotifSimilarity). ",4,565,"EEF1A1;H3F3A;RPS27;TMSB4X"
"DC_Gen3_Module","transfac_pro__M07534",5.4,0.137,"","",6,3032,"EEF1A1;H3F3A;RPS27;TMSB4X;UBA52;UBB"
"DC_Gen3_Module","cisbp__M1281",5.35,0.136,"","",4,742,"EEF1A1;H3F3A;TPT1;UBB"
"DC_Gen3_Module","cisbp__M5038",5.35,0.136,"","HES1 (inferredBy_MotifSimilarity). ",4,904,"EEF1A1;H3F3A;RPS12;TMSB4X"
"DC_Gen3_Module","taipale_cyt_meth__CREB3L1_TGCCACGTCAYN_eDBD",5.32,0.135,"CREB3L1 (directAnnotation). ","ATF6; ATF6B; CREB3; CREB3L2; CREB3L4; XBP1 (inferredBy_MotifSimilarity). ",5,1312,"CLUAP1;EEF1A1;H3F3A;RPS12;TPT1"
"DC_Gen3_Module","cisbp__M1381",5.3,0.135,"","",4,742,"EEF1A1;H3F3A;TPT1;UBB"
"DC_Gen3_Module","transfac_pro__M09149",5.28,0.134,"","",4,742,"RPS27;TMSB4X;TPT1;UBB"
"DC_Gen3_Module","cisbp__M0036",5.28,0.134,"","TAF1 (inferredBy_MotifSimilarity). ",3,248,"H3F3A;TMSB4X;UBB"
"DC_Gen3_Module","taipale__Creb3l2_DBD_TGCCACGTCATCA",5.24,0.133,"CREB3L2 (inferredBy_Orthology). ","ATF6; ATF6B; CREB3; CREB3L1; CREB3L4; CREM; XBP1 (inferredBy_MotifSimilarity). ATF3 (inferredBy_MotifSimilarity_n_Orthology). ",4,1312,"CLUAP1;EEF1A1;RPS12;TPT1"
"DC_Gen3_Module","cisbp__M5996",5.24,0.133,"CREB3L2 (inferredBy_Orthology). ","ATF6; ATF6B; CREB3; CREB3L1; CREB3L4; CREM; XBP1 (inferredBy_MotifSimilarity). ATF3 (inferredBy_MotifSimilarity_n_Orthology). ",4,1312,"CLUAP1;EEF1A1;RPS12;TPT1"
"DC_Gen3_Module","transfac_pro__M00442",5.23,0.133,"","CREB3; CREB3L1; MAX; MYC; NFE2; USF1; USF2 (inferredBy_MotifSimilarity). CREB3L2 (inferredBy_MotifSimilarity_n_Orthology). ",4,565,"CLUAP1;EEF1A1;H3F3A;TPT1"
"DC_Gen3_Module","swissregulon__sacCer__RGT1",5.23,0.133,"","",3,305,"CLUAP1;H3F3A;TPT1"
"DC_Gen3_Module","stark__TAATATGCRA",5.22,0.133,"","",5,1696,"CLUAP1;EEF1A1;H3F3A;LAIR1;TMSB4X"
"DC_Gen3_Module","stark__GCATAHWWWNNNGCGY",5.21,0.133,"","",4,488,"EEF1A1;H3F3A;TMSB4X;UBB"
"DC_Gen3_Module","transfac_pro__M02913",5.2,0.132,"SP100 (inferredBy_Orthology). ","",3,387,"EEF1A1;H3F3A;UBB"
"DC_Gen3_Module","hocomoco__ARNT2_HUMAN.H11MO.0.D",5.14,0.131,"ARNT2 (directAnnotation). ","",3,387,"EEF1A1;H3F3A;RPS27"
"DC_Gen3_Module","elemento__CGCCGCG",5.13,0.131,"","",6,2556,"EEF1A1;H3F3A;RPS12;TMSB4X;UBA52;UBB"
"DC_Gen3_Module","predrem__nrMotif374",5.12,0.131,"","",8,4262,"EEF1A1;H3F3A;OAZ1;RPS12;TMSB4X;TPT1;UBA52;UBB"
"DC_Gen3_Module","taipale_cyt_meth__CREB3L4_YGCCACGTCAYN_eDBD_repr",5.12,0.131,"CREB3L4 (directAnnotation). ","ATF6; ATF6B; CREB3; CREB3L1; CREB3L2; XBP1 (inferredBy_MotifSimilarity). ",7,4262,"CLUAP1;EEF1A1;H3F3A;RPS12;RPS27;TPT1;UBB"
"DC_Gen3_Module","dbcorrdb__POLR2AphosphoS2__ENCSR000DZK_1__m2",5.1,0.13,"POLR2A (directAnnotation). ","GTF2B; GTF2F1; TAF1; TBP (inferredBy_MotifSimilarity). ",4,1312,"EEF1A1;H3F3A;RPS12;UBB"
"DC_Gen3_Module","dbcorrdb__POLR2A__ENCSR000DKT_1__m1",5.07,0.129,"POLR2A (directAnnotation). ","BCLAF1; ELF1; ELF2; ELK1; ELK4; ETV6; GABPA; GABPB1; GTF2F1; PHF8; PML; RELA; SIN3A; SUZ12; TAF1; TAF7 (inferredBy_MotifSimilarity). FLI1 (inferredBy_MotifSimilarity_n_Orthology). ",6,2323,"CLUAP1;EEF1A1;RPL41;RPS27;UBA52;UBB"
"DC_Gen3_Module","flyfactorsurvey__dpn_SANGER_10_FBgn0010109",5.06,0.129,"","HES1; HES2; HES5; HES7; HEY1; HEY2 (inferredBy_MotifSimilarity). HES4; HES6; HEYL (inferredBy_MotifSimilarity_n_Orthology). ",3,526,"H3F3A;RPS12;TMSB4X"
"DC_Gen3_Module","transfac_pro__M00737",5.04,0.129,"TFDP2 (directAnnotation). ","E2F1; E2F4; TFDP1 (inferredBy_MotifSimilarity). ",3,523,"EEF1A1;H3F3A;TPT1"
"DC_Gen3_Module","flyfactorsurvey__h_SANGER_5_FBgn0001168",5.02,0.128,"","HES1 (inferredBy_MotifSimilarity). ",4,1312,"EEF1A1;H3F3A;RPS12;TMSB4X"
"DC_Gen3_Module","taipale_cyt_meth__CREB3L4_YGCCACRTCAYN_eDBD_meth",4.94,0.126,"CREB3L4 (directAnnotation). ","ATF6; ATF6B; CREB3; CREB3L1; CREB3L2; XBP1 (inferredBy_MotifSimilarity). ",3,525,"RPS12;TPT1;UBB"
"DC_Gen3_Module","taipale_cyt_meth__CEBPE_NRTTGCGYAAYN_eDBD",4.93,0.126,"CEBPE (directAnnotation). ","CEBPA; CEBPB; CEBPD; CEBPG; DBP; EP300; HLF; PPARGC1A; TEF (inferredBy_MotifSimilarity). ",4,565,"EEF1A1;OAZ1;TPT1;UBB"
"DC_Gen3_Module","elemento__CCGGAAA",4.92,0.126,"","",6,1829,"CLUAP1;H3F3A;RPS27;TPT1;UBA52;UBB"
"DC_Gen3_Module","flyfactorsurvey__rib_SANGER_5_FBgn0003254",4.91,0.126,"","",4,894,"EEF1A1;H3F3A;OAZ1;TMSB4X"
"DC_Gen3_Module","taipale_cyt_meth__CEBPD_NRTTGCGYAAYN_eDBD_meth",4.89,0.125,"CEBPD (directAnnotation). ","CEBPA; CEBPB; CEBPE; CEBPG; DBP; EP300; NFIL3; TEF (inferredBy_MotifSimilarity). HLF (inferredBy_MotifSimilarity_n_Orthology). ",5,2323,"EEF1A1;FTL;OAZ1;TPT1;UBB"
"DC_Gen3_Module","transfac_public__M00422",4.87,0.125,"FOXJ2 (directAnnotation). ","FOXA1; FOXA2; FOXC2; FOXD3; FOXF1; FOXF2; FOXH1; FOXJ1; FOXJ3; FOXL1; FOXM1 (inferredBy_MotifSimilarity). FOXD1; FOXD2; FOXD4; FOXD4L1; FOXD4L3; FOXD4L4; FOXD4L5; FOXD4L6 (inferredBy_MotifSimilarity_n_Orthology). ",3,523,"F2R;H3F3A;UBB"
"DC_Gen3_Module","transfac_pro__M07640",4.85,0.124,"","HES1; HES5; HES7; HEY1 (inferredBy_MotifSimilarity). HES4; HES6 (inferredBy_MotifSimilarity_n_Orthology). ",3,393,"H3F3A;RPS12;TMSB4X"
"DC_Gen3_Module","cisbp__M0278",4.84,0.124,"","XBP1 (inferredBy_MotifSimilarity_n_Orthology). ",2,47,"H3F3A;TPT1"
"DC_Gen3_Module","transfac_pro__M05013",4.81,0.123,"","",3,488,"EEF1A1;H3F3A;TMSB4X"
"DC_Gen3_Module","hdpi__SSX2",4.81,0.123,"SSX2 (directAnnotation). ","",2,11,"H3F3A;TMSB4X"
"DC_Gen3_Module","dbcorrdb__YY1__ENCSR000BKJ_1__m1",4.79,0.123,"YY1 (directAnnotation). ","EZH2; HCFC1; KDM5A; MAX; MXI1; MYC; NR3C1; PHF8; POLR2A; RBBP5; SAP30; TAF1; TAF7; ZFP42; ZNF597; ZNF91 (inferredBy_MotifSimilarity). TAF1L; YY2 (inferredBy_MotifSimilarity_n_Orthology). ",5,1848,"EEF1A1;H3F3A;OAZ1;RPS27;UBA52"
"DC_Gen3_Module","dbcorrdb__TAF1__ENCSR000BPF_1__m2",4.77,0.122,"TAF1 (directAnnotation). ","RBBP5 (inferredBy_MotifSimilarity). ",6,1548,"CLUAP1;EEF1A1;H3F3A;RPL41;TMSB4X;UBB"
"DC_Gen3_Module","cisbp__M0007",4.75,0.122,"","TAF1 (inferredBy_MotifSimilarity). ",3,305,"H3F3A;TMSB4X;UBB"
"DC_Gen3_Module","cisbp__M6357",4.73,0.122,"NANOG (directAnnotation). ","",2,23,"EEF1A1;H3F3A"
"DC_Gen3_Module","taipale__HES7_DBD_NGGCACGTGCCN",4.73,0.121,"HES7 (directAnnotation). ","BHLHE41; HES2; HES5; HEY1; HEY2 (inferredBy_MotifSimilarity). HES1; HES4; HES6; HEYL (inferredBy_MotifSimilarity_n_Orthology). ",2,36,"H3F3A;RPS12"
"DC_Gen3_Module","transfac_pro__M07648",4.73,0.121,"HES6 (inferredBy_Orthology). ","HES2; HES5; HES7; HEY1; HEY2 (inferredBy_MotifSimilarity). HES1; HES4; HEYL (inferredBy_MotifSimilarity_n_Orthology). ",2,32,"H3F3A;RPS12"
"DC_Gen3_Module","transfac_pro__M07650",4.72,0.121,"HES6 (inferredBy_Orthology). ","HES2; HES5; HES7; HEY1; HEY2 (inferredBy_MotifSimilarity). HES1; HES4; HEYL (inferredBy_MotifSimilarity_n_Orthology). ",2,22,"H3F3A;RPS12"
"DC_Gen3_Module","transfac_pro__M02865",4.71,0.121,"GMEB1 (inferredBy_Orthology). ","",4,1312,"EEF1A1;F2R;RPS27;UBB"
"DC_Gen3_Module","dbcorrdb__POLR2AphosphoS5__ENCSR000BIF_1__m2",4.71,0.121,"","",7,2323,"CLUAP1;EEF1A1;H3F3A;RPL41;RPS27;UBA52;UBB"
"DC_Gen3_Module","dbcorrdb__POLR2A__ENCSR000DLM_1__m1",4.7,0.121,"POLR2A (directAnnotation). ","ELK1; GABPA; TAF1; YY1 (inferredBy_MotifSimilarity). ",8,2332,"CLUAP1;EEF1A1;H3F3A;RPL41;RPS27;TPT1;UBA52;UBB"
"DC_Gen3_Module","taipale_cyt_meth__CEBPG_NRTTGCGYAAYN_FL",4.7,0.121,"CEBPG (directAnnotation). ","CEBPB; CEBPD; CEBPE; DBP; HLF; TEF (inferredBy_MotifSimilarity). CEBPA (inferredBy_MotifSimilarity_n_Orthology). ",3,488,"EEF1A1;OAZ1;UBB"
"DC_Gen3_Module","taipale_cyt_meth__CREB3L1_TGCCACGTCAYN_FL",4.7,0.121,"CREB3L1 (directAnnotation). ","ATF6; ATF6B; CREB3; CREB3L2; CREB3L4; XBP1 (inferredBy_MotifSimilarity). ",4,1312,"CLUAP1;EEF1A1;H3F3A;TPT1"
"DC_Gen3_Module","cisbp__M1360",4.69,0.121,"PRDM11 (inferredBy_Orthology). ","",3,321,"EEF1A1;H3F3A;UBB"
"DC_Gen3_Module","taipale_cyt_meth__ZBTB26_NMTCYAGAAAAN_FL",4.69,0.121,"ZBTB26 (directAnnotation). ","",2,30,"FTL;TPT1"
"DC_Gen3_Module","stark__CTTNNATAC",4.68,0.12,"","",2,26,"EEF1A1;RPS12"
"DC_Gen3_Module","cisbp__M3256",4.67,0.12,"FOXJ2 (directAnnotation). ","FOXA1; FOXA2; FOXC2; FOXD3; FOXF1; FOXF2; FOXH1; FOXJ1; FOXJ3; FOXL1; FOXM1 (inferredBy_MotifSimilarity). FOXD1; FOXD2; FOXD4; FOXD4L1; FOXD4L3; FOXD4L4; FOXD4L5; FOXD4L6 (inferredBy_MotifSimilarity_n_Orthology). ",3,565,"F2R;H3F3A;UBB"
"DC_Gen3_Module","taipale_cyt_meth__ATF6B_TGCCACGTCAYN_eDBD_meth_repr",4.67,0.12,"ATF6B (directAnnotation). ","ATF6; CREB3; CREB3L1; CREB3L2; CREB3L4; XBP1 (inferredBy_MotifSimilarity). ",2,44,"RPS12;TPT1"
"DC_Gen3_Module","cisbp__M5506",4.65,0.12,"HES7 (directAnnotation). ","BHLHE41; HES2; HES5; HEY1; HEY2 (inferredBy_MotifSimilarity). HES1; HES4; HES6; HEYL (inferredBy_MotifSimilarity_n_Orthology). ",2,56,"H3F3A;RPS12"
"DC_Gen3_Module","cisbp__M4922",4.65,0.119,"","HES1; HES2; HES5; HES7; HEY1; HEY2 (inferredBy_MotifSimilarity). HES4; HES6; HEYL (inferredBy_MotifSimilarity_n_Orthology). ",3,488,"H3F3A;RPS12;TMSB4X"
"DC_Gen3_Module","hdpi__H1FX",4.64,0.119,"H1FX (directAnnotation). ","",5,1548,"FTL;H3F3A;TMSB4X;TPT1;UBB"
"DC_Gen3_Module","predrem__nrMotif163",4.64,0.119,"","",2,56,"F2R;RPS27"
"DC_Gen3_Module","transfac_pro__M07651",4.64,0.119,"HES6 (inferredBy_Orthology). ","HES2; HES5; HES7; HEY1; HEY2 (inferredBy_MotifSimilarity). HES1; HES4; HEYL (inferredBy_MotifSimilarity_n_Orthology). ",2,31,"H3F3A;RPS12"
"DC_Gen3_Module","cisbp__M6528",4.63,0.119,"YY1 (directAnnotation). ","KDM5A; NR3C1; TAF1; TAF7; THAP1; YY2; ZFP42; ZNF597 (inferredBy_MotifSimilarity). TAF1L (inferredBy_MotifSimilarity_n_Orthology). ",5,1312,"EEF1A1;H3F3A;RPS27;TMSB4X;UBA52"
"DC_Gen3_Module","cisbp__M0023",4.61,0.119,"","",3,321,"H3F3A;TMSB4X;UBB"
"DC_Gen3_Module","cisbp__M1547",4.61,0.119,"","GMEB2 (inferredBy_MotifSimilarity). GMEB1 (inferredBy_MotifSimilarity_n_Orthology). ",2,44,"TPT1;UBB"
"DC_Gen3_Module","cisbp__M1716",4.61,0.119,"","",2,66,"EEF1A1;H3F3A"
"DC_Gen3_Module","transfac_pro__M05111",4.6,0.118,"","",3,393,"EEF1A1;H3F3A;RPS27"
"DC_Gen3_Module","transfac_pro__M05105",4.58,0.118,"","",4,1312,"EEF1A1;H3F3A;RPS12;TMSB4X"
"DC_Gen3_Module","cisbp__M1548",4.58,0.118,"","GMEB1; GMEB2 (inferredBy_MotifSimilarity). ",2,56,"TPT1;UBB"
"DC_Gen3_Module","jaspar__MA0997.1",4.58,0.118,"","TAF1 (inferredBy_MotifSimilarity). ",3,305,"H3F3A;TMSB4X;UBB"
"DC_Gen3_Module","dbcorrdb__POLR2A__ENCSR000DLQ_1__m2",4.57,0.118,"POLR2A (directAnnotation). ","ELK4; ESRRA; EZH2; GABPA; SMARCA4; SREBF1; SREBF2; XRCC4; ZMIZ1 (inferredBy_MotifSimilarity). ",9,4827,"EEF1A1;F2R;FTL;H3F3A;HBA2;RPS27;TMSB4X;TPT1;UBB"
"DC_Gen3_Module","dbcorrdb__POLR2A__ENCSR000ALH_1__m1",4.57,0.118,"POLR2A (directAnnotation). ","GTF2B; GTF2F1; TAF1; TBP (inferredBy_MotifSimilarity). ",7,1829,"EEF1A1;H3F3A;OAZ1;RPS12;TMSB4X;TPT1;UBB"
"DC_Gen3_Module","jaspar__MA0980.1",4.57,0.118,"","HCFC1 (inferredBy_MotifSimilarity). ",2,71,"H3F3A;TMSB4X"
"DC_Gen3_Module","taipale_cyt_meth__HOXD12_NRTCGTAAAN_eDBD",4.55,0.117,"HOXD12 (directAnnotation). ","CDX4; HOXA10; HOXC10; HOXC11; HOXC12 (inferredBy_MotifSimilarity). ",6,2578,"CLUAP1;EEF1A1;F2R;H3F3A;RPS12;UBB"
"DC_Gen3_Module","hdpi__NFATC4",4.55,0.117,"NFATC4 (directAnnotation). ","",3,503,"H3F3A;TMSB4X;TPT1"
"DC_Gen3_Module","transfac_pro__M01212",4.55,0.117,"STAT1 (directAnnotation). ","STAT3 (inferredBy_MotifSimilarity). STAT4 (inferredBy_MotifSimilarity_n_Orthology). ",2,56,"H3F3A;TPT1"
"DC_Gen3_Module","cisbp__M0028",4.54,0.117,"","",3,328,"H3F3A;TMSB4X;UBB"
"DC_Gen3_Module","transfac_pro__M05657",4.54,0.117,"ZFP2 (inferredBy_Orthology). ","",2,56,"EEF1A1;H3F3A"
"DC_Gen3_Module","cisbp__M0831",4.54,0.117,"","",2,60,"FTL;UBB"
"DC_Gen3_Module","dbcorrdb__RAD21__ENCSR000EHX_1__m5",4.54,0.117,"RAD21 (directAnnotation). ","",4,1312,"EEF1A1;FTL;H3F3A;LAIR1"
"DC_Gen3_Module","predrem__nrMotif540",4.54,0.117,"","",2,71,"H3F3A;UBB"
"DC_Gen3_Module","taipale_cyt_meth__ATF6_NGRTGACGTGGCAN_eDBD_meth",4.53,0.117,"ATF6 (directAnnotation). ","ATF6B; CREB3; CREB3L1; CREB3L2; CREB3L4; CREM; XBP1 (inferredBy_MotifSimilarity). ATF3 (inferredBy_MotifSimilarity_n_Orthology). ",2,77,"RPS12;TPT1"
"DC_Gen3_Module","jaspar__MA1051.1",4.52,0.117,"","HCFC1 (inferredBy_MotifSimilarity). ",2,151,"H3F3A;TMSB4X"
"DC_Gen3_Module","hocomoco__HES5_HUMAN.H11MO.0.D",4.51,0.116,"HES5 (directAnnotation). ","HES1; HES2; HES7; HEY1; HEY2 (inferredBy_MotifSimilarity). HES4; HES6; HEYL (inferredBy_MotifSimilarity_n_Orthology). ",2,90,"H3F3A;RPS12"
"DC_Gen3_Module","cisbp__M5505",4.5,0.116,"HES5 (directAnnotation). ","HES2; HES7; HEY1; HEY2 (inferredBy_MotifSimilarity). HES1; HES4; HES6; HEYL (inferredBy_MotifSimilarity_n_Orthology). ",2,151,"H3F3A;RPS12"
"DC_Gen3_Module","transfac_pro__M04990",4.5,0.116,"","",2,68,"EEF1A1;H3F3A"
"DC_Gen3_Module","transfac_pro__M05029",4.5,0.116,"","",2,78,"H3F3A;UBB"
"DC_Gen3_Module","cisbp__M5330",4.49,0.116,"CREB3L1 (directAnnotation). ","ATF6; ATF6B; CREB3; CREB3L2; CREB3L4; CREM; XBP1 (inferredBy_MotifSimilarity). ",4,1312,"CLUAP1;EEF1A1;RPS12;TPT1"
"DC_Gen3_Module","hocomoco__CREB3_HUMAN.H11MO.0.D",4.49,0.116,"CREB3 (directAnnotation). ","ATF6; ATF6B; CREB3L1; CREB3L2; CREB3L4; XBP1 (inferredBy_MotifSimilarity). ",2,163,"RPS12;TPT1"
"DC_Gen3_Module","cisbp__M1719",4.48,0.116,"","",4,1312,"H3F3A;RPS27;UBA52;UBB"
"DC_Gen3_Module","cisbp__M1811",4.48,0.116,"","",6,2323,"CLUAP1;EEF1A1;H3F3A;RPL41;RPS27;UBB"
"DC_Gen3_Module","transfac_pro__M05067",4.48,0.116,"","",2,58,"EEF1A1;H3F3A"
"DC_Gen3_Module","cisbp__M1776",4.48,0.116,"","",10,4458,"EEF1A1;F2R;H3F3A;RPL41;RPS12;RPS27;TMSB4X;TPT1;UBA52;UBB"
"DC_Gen3_Module","predrem__nrMotif295",4.46,0.115,"","",2,68,"EEF1A1;H3F3A"
"DC_Gen3_Module","hocomoco__HES7_HUMAN.H11MO.0.D",4.46,0.115,"HES7 (directAnnotation). ","BHLHE41; HES2; HES5; HEY1; HEY2 (inferredBy_MotifSimilarity). HES1; HES4; HES6; HEYL (inferredBy_MotifSimilarity_n_Orthology). ",2,151,"H3F3A;RPS12"
"DC_Gen3_Module","transfac_pro__M05099",4.45,0.115,"","",9,4895,"CLUAP1;EEF1A1;F2R;H3F3A;OAZ1;RPS12;RPS27;TMSB4X;UBA52"
"DC_Gen3_Module","transfac_pro__M05066",4.44,0.115,"","",2,71,"EEF1A1;H3F3A"
"DC_Gen3_Module","cisbp__M5582",4.44,0.115,"IRX5 (directAnnotation). ","IRX2 (inferredBy_MotifSimilarity). ",2,88,"H3F3A;TPT1"
"DC_Gen3_Module","transfac_pro__M00736",4.44,0.115,"TFDP1 (directAnnotation). ","E2F1; E2F3; E2F4; TFDP2 (inferredBy_MotifSimilarity). EVX1; EVX2 (inferredBy_MotifSimilarity_n_Orthology). ",3,488,"EEF1A1;H3F3A;TPT1"
"DC_Gen3_Module","transfac_pro__M00311",4.43,0.115,"","",2,151,"EEF1A1;RPS12"
"DC_Gen3_Module","taipale__IRX5_DBD_NWACAYRACAWN",4.43,0.115,"IRX5 (directAnnotation). ","IRX2 (inferredBy_MotifSimilarity). ",2,91,"H3F3A;TPT1"
"DC_Gen3_Module","transfac_pro__M05147",4.43,0.115,"","",4,1312,"EEF1A1;H3F3A;RPS12;RPS27"
"DC_Gen3_Module","dbcorrdb__YY1__ENCSR000BNP_1__m1",4.43,0.114,"YY1 (directAnnotation). ","ATF3; ELK1; EZH2; GABPA; KDM5A; MAX; MXI1; MYC; PHF8; POLR2A; RBBP5; TAF1; TAF7; THAP1; YY2; ZFP42; ZNF597; ZNF91 (inferredBy_MotifSimilarity). TAF1L (inferredBy_MotifSimilarity_n_Orthology). ",5,2323,"EEF1A1;H3F3A;OAZ1;RPS27;UBA52"
"DC_Gen3_Module","cisbp__M5325",4.42,0.114,"CREB3L1 (directAnnotation). ","ATF6; ATF6B; CREB3; CREB3L2; CREB3L4; CREM; XBP1 (inferredBy_MotifSimilarity). ",3,565,"CLUAP1;EEF1A1;TPT1"
"DC_Gen3_Module","transfac_pro__M05014",4.42,0.114,"","",8,4458,"CLUAP1;EEF1A1;F2R;H3F3A;OAZ1;RPS12;RPS27;TMSB4X"
"DC_Gen3_Module","jaspar__MA0993.1",4.4,0.114,"","",3,387,"H3F3A;TMSB4X;UBB"
"DC_Gen3_Module","taipale_cyt_meth__ATF6_NGRTGACGTGGCAN_eDBD",4.4,0.114,"ATF6 (directAnnotation). ","ATF6B; CREB3; CREB3L1; CREB3L2; CREB3L4; CREM; XBP1 (inferredBy_MotifSimilarity). ",2,163,"RPS12;TPT1"
"DC_Gen3_Module","cisbp__M1712",4.4,0.114,"","",4,1312,"CLUAP1;EEF1A1;H3F3A;UBB"
"DC_Gen3_Module","dbcorrdb__TAF7__ENCSR000BNM_1__m7",4.4,0.114,"TAF7 (directAnnotation). ","",2,88,"H3F3A;TMSB4X"
"DC_Gen3_Module","taipale__HES5_DBD_NGGCACGTGCCN",4.4,0.114,"HES5 (directAnnotation). ","HES1; HES2; HES7; HEY1; HEY2 (inferredBy_MotifSimilarity). HES4; HES6; HEYL (inferredBy_MotifSimilarity_n_Orthology). ",2,151,"H3F3A;RPS12"
"DC_Gen3_Module","stark__YGCGTHAATTR",4.39,0.114,"","",2,90,"H3F3A;UBB"
"DC_Gen3_Module","taipale_cyt_meth__ZBTB26_NMTCYAGAAAAN_FL_meth_repr",4.39,0.114,"ZBTB26 (directAnnotation). ","",2,151,"FTL;TPT1"
"DC_Gen3_Module","transfac_public__M00356",4.39,0.114,"","ATF6; ATF6B; CREB3; CREB3L1; CREB3L2; CREB3L4; XBP1 (inferredBy_MotifSimilarity). ATF3 (inferredBy_MotifSimilarity_n_Orthology). ",4,1312,"CLUAP1;EEF1A1;RPS12;TPT1"
"DC_Gen3_Module","taipale_cyt_meth__ZNF454_TRGCGCCGGCGCYN_eDBD_meth",4.39,0.114,"ZNF454 (directAnnotation). ","",3,488,"H3F3A;UBA52;UBB"
"DC_Gen3_Module","stark__CACGCGMC",4.38,0.113,"","",4,1312,"FTL;RPS12;TMSB4X;UBB"
"DC_Gen3_Module","transfac_pro__M05169",4.38,0.113,"","",4,488,"EEF1A1;H3F3A;RPS27;TMSB4X"
"DC_Gen3_Module","transfac_pro__M00739",4.36,0.113,"TFDP2 (directAnnotation). ","E2F4; TFDP1 (inferredBy_MotifSimilarity). ",4,1312,"EEF1A1;H3F3A;RPS27;TPT1"
"DC_Gen3_Module","cisbp__M2679",4.36,0.113,"","ATF6; ATF6B; CREB3; CREB3L1; CREB3L2; CREB3L4; XBP1 (inferredBy_MotifSimilarity). ATF3 (inferredBy_MotifSimilarity_n_Orthology). ",4,751,"CLUAP1;EEF1A1;RPS12;TPT1"
"DC_Gen3_Module","cisbp__M4639",4.36,0.113,"YY1 (directAnnotation). ","NR3C1; REST; TAF1; THAP1; ZNF597 (inferredBy_MotifSimilarity). YY2 (inferredBy_MotifSimilarity_n_Orthology). ",5,858,"EEF1A1;H3F3A;RPS27;TMSB4X;UBA52"
"DC_Gen3_Module","transfac_pro__M07255",4.36,0.113,"FOXM1 (directAnnotation). ","FOXL1 (inferredBy_MotifSimilarity). ",7,3296,"CLUAP1;EEF1A1;F2R;H3F3A;RPL41;RPS27;UBB"
"DC_Gen3_Module","dbcorrdb__YY1__ENCSR000EWF_1__m2",4.34,0.112,"YY1 (directAnnotation). ","ELK1; GABPA; POLR2A (inferredBy_MotifSimilarity). ",5,1829,"EEF1A1;RPS27;TPT1;UBA52;UBB"
"DC_Gen3_Module","taipale_cyt_meth__ZFP42_NGRCHGCCATMTTGN_eDBD",4.34,0.112,"ZFP42 (directAnnotation). ","YY1; ZNF597 (inferredBy_MotifSimilarity). ",7,3485,"EEF1A1;H3F3A;RPS12;RPS27;TMSB4X;UBA52;UBB"
"DC_Gen3_Module","transfac_pro__M07309",4.34,0.112,"SOX7 (directAnnotation). ","",2,151,"H3F3A;TMSB4X"
"DC_Gen3_Module","dbcorrdb__POLR2A__ENCSR000EFK_1__m1",4.34,0.112,"POLR2A (directAnnotation). ","ATF3; KDM5A; MYC; PHF8; RBBP5; TAF1; TAF7; THAP1; YY1 (inferredBy_MotifSimilarity). TAF1L (inferredBy_MotifSimilarity_n_Orthology). ",6,1383,"EEF1A1;RPS12;RPS27;TMSB4X;TPT1;UBA52"
"DC_Gen3_Module","tfdimers__MD00203",4.32,0.112,"TBX5; YY1 (directAnnotation). ","",2,151,"H3F3A;LAIR1"
"DC_Gen3_Module","scertf__macisaac.MATA1",4.32,0.112,"","",2,151,"H3F3A;LAIR1"
"DC_Gen3_Module","dbcorrdb__POLR2A__ENCSR000DKM_1__m2",4.32,0.112,"POLR2A (directAnnotation). ","",7,4543,"EEF1A1;H3F3A;OAZ1;RPS27;TMSB4X;UBA52;UBB"
"DC_Gen3_Module","dbcorrdb__CHD1__ENCSR000EFC_1__m4",4.3,0.112,"CHD1 (directAnnotation). ","",2,151,"H3F3A;UBA52"
"DC_Gen3_Module","cisbp__M5022",4.3,0.111,"HES6 (inferredBy_Orthology). ","",2,151,"H3F3A;RPS12"
"DC_Gen3_Module","transfac_pro__M01679",4.3,0.111,"","",2,151,"H3F3A;LAIR1"
"DC_Gen3_Module","yetfasco__YOR032C_1498",4.28,0.111,"","",2,151,"TPT1;UBB"
"DC_Gen3_Module","cisbp__M1718",4.28,0.111,"","",2,151,"EEF1A1;H3F3A"
"DC_Gen3_Module","dbcorrdb__RBBP5__ENCSR000AQC_1__m2",4.27,0.111,"RBBP5 (directAnnotation). ","",8,4827,"CLUAP1;F2R;H3F3A;RPS12;TMSB4X;TPT1;UBA52;UBB"
"DC_Gen3_Module","cisbp__M1553",4.26,0.111,"","GMEB1; GMEB2 (inferredBy_MotifSimilarity). ",2,80,"TPT1;UBB"
"DC_Gen3_Module","cisbp__M1551",4.26,0.111,"GMEB2 (inferredBy_Orthology). ","GMEB1 (inferredBy_MotifSimilarity). ",2,81,"TPT1;UBB"
"DC_Gen3_Module","predrem__nrMotif402",4.24,0.11,"","",6,2556,"H3F3A;RPS12;RPS27;TMSB4X;UBA52;UBB"
"DC_Gen3_Module","cisbp__M0445",4.23,0.11,"","",2,151,"FTL;TPT1"
"DC_Gen3_Module","cisbp__M1546",4.23,0.11,"","GMEB1 (inferredBy_MotifSimilarity). GMEB2 (inferredBy_MotifSimilarity_n_Orthology). ",2,151,"TPT1;UBB"
"DC_Gen3_Module","cisbp__M1550",4.23,0.11,"GMEB1 (inferredBy_Orthology). ","GMEB2 (inferredBy_MotifSimilarity). ",2,88,"TPT1;UBB"
"DC_Gen3_Module","cisbp__M0291",4.23,0.11,"XBP1 (inferredBy_Orthology). ","CREB3 (inferredBy_MotifSimilarity). ATF3; ATF6; ATF6B (inferredBy_MotifSimilarity_n_Orthology). ",2,151,"H3F3A;TPT1"
"DC_Gen3_Module","transfac_pro__M04944",4.22,0.11,"GABPA (directAnnotation). ","",2,151,"CLUAP1;H3F3A"
"DC_Gen3_Module","cisbp__M5324",4.22,0.11,"CREB3 (directAnnotation). ","ATF6; ATF6B; CREB3L1; CREB3L2; CREB3L4; CREM; XBP1 (inferredBy_MotifSimilarity). ",4,1312,"CLUAP1;EEF1A1;RPS12;TPT1"
"DC_Gen3_Module","stark__AAAATGCA",4.21,0.109,"","",2,163,"H3F3A;TMSB4X"
"DC_Gen3_Module","elemento__CCGCCTC",4.21,0.109,"","",9,3758,"EEF1A1;H3F3A;OAZ1;RPL41;RPS12;RPS27;TMSB4X;TPT1;UBB"
"DC_Gen3_Module","transfac_pro__M06115",4.19,0.109,"ZNF28 (directAnnotation). ","",2,151,"EEF1A1;H3F3A"
"DC_Gen3_Module","transfac_pro__M07659",4.18,0.109,"HES1; HES4 (inferredBy_Orthology). ","HES2; HES5; HES7; HEY1; HEY2 (inferredBy_MotifSimilarity). HES6; HEYL (inferredBy_MotifSimilarity_n_Orthology). ",2,171,"H3F3A;RPS12"
"DC_Gen3_Module","jaspar__MA1053.1",4.18,0.109,"","HCFC1 (inferredBy_MotifSimilarity). ",6,3758,"EEF1A1;H3F3A;OAZ1;RPS12;TMSB4X;UBB"
"DC_Gen3_Module","jaspar__MA1052.1",4.17,0.109,"","HCFC1 (inferredBy_MotifSimilarity). ",7,4262,"EEF1A1;H3F3A;OAZ1;RPS12;TMSB4X;TPT1;UBB"
"DC_Gen3_Module","taipale_tf_pairs__E2F1_HES7_RRCRCGYGYNNNNSGCGCSN_CAP_repr",4.17,0.108,"E2F1; HES7 (directAnnotation). ","",2,163,"FTL;UBB"
"DC_Gen3_Module","dbcorrdb__YY1__ENCSR000BKD_1__m1",4.17,0.108,"YY1 (directAnnotation). ","ELK1; GABPA; KDM5A; MAX; MXI1; MYC; PHF8; POLR2A; RBBP5; TAF1; TAF7; THAP1; YY2; ZFP42; ZNF597; ZNF91 (inferredBy_MotifSimilarity). TAF1L (inferredBy_MotifSimilarity_n_Orthology). ",6,2556,"EEF1A1;H3F3A;OAZ1;RPS27;TMSB4X;UBA52"
"DC_Gen3_Module","cisbp__M5956",4.16,0.108,"YY2 (directAnnotation). ","",2,151,"EEF1A1;H3F3A"
"DC_Gen3_Module","cisbp__M1714",4.16,0.108,"","",2,151,"EEF1A1;H3F3A"
"DC_Gen3_Module","cisbp__M5316",4.16,0.108,"CEBPD (directAnnotation). ","CEBPA; CEBPB; CEBPE; CEBPG; EP300; PPARGC1A (inferredBy_MotifSimilarity). ",5,1312,"EEF1A1;FTL;OAZ1;TPT1;UBB"
"DC_Gen3_Module","taipale_cyt_meth__ZFP42_NGRCRGCCATMTTGN_eDBD_meth",4.15,0.108,"ZFP42 (directAnnotation). ","YY1; ZNF597 (inferredBy_MotifSimilarity). ",4,1345,"EEF1A1;H3F3A;RPS27;UBA52"
"DC_Gen3_Module","transfac_pro__M06331",4.14,0.108,"ZNF343 (directAnnotation). ","",2,151,"FTL;TPT1"
"DC_Gen3_Module","transfac_pro__M04973",4.14,0.108,"","",2,151,"EEF1A1;TMSB4X"
"DC_Gen3_Module","transfac_pro__M03175",4.13,0.108,"","",2,151,"EEF1A1;H3F3A"
"DC_Gen3_Module","taipale_cyt_meth__CREB3_NGCCACGTCAYN_FL",4.13,0.108,"CREB3 (directAnnotation). ","ATF6; ATF6B; CREB3L1; CREB3L2; CREB3L4; XBP1 (inferredBy_MotifSimilarity). ",7,4262,"CLUAP1;EEF1A1;H3F3A;RPS12;RPS27;TPT1;UBB"
"DC_Gen3_Module","dbcorrdb__EZH2__ENCSR000ARH_1__m6",4.13,0.108,"EZH2 (directAnnotation). ","",2,151,"FTL;TMSB4X"
"DC_Gen3_Module","cisbp__M4652",4.13,0.108,"YY1 (directAnnotation). ","KDM5A; NR3C1; TAF1; TAF7; THAP1; YY2; ZFP42; ZNF597 (inferredBy_MotifSimilarity). TAF1L (inferredBy_MotifSimilarity_n_Orthology). ",5,1548,"EEF1A1;H3F3A;RPS27;TMSB4X;UBA52"
"DC_Gen3_Module","dbcorrdb__GTF2F1__ENCSR000EHC_1__m1",4.13,0.108,"GTF2F1 (directAnnotation). ","GTF2B; NELFE; POLR2A; TAF1; TBP (inferredBy_MotifSimilarity). TBPL2 (inferredBy_MotifSimilarity_n_Orthology). ",7,3296,"EEF1A1;FTL;H3F3A;RPS12;TMSB4X;TPT1;UBB"
"DC_Gen3_Module","taipale__YY2_full_NCCGCCATNNT",4.13,0.108,"YY2 (directAnnotation). ","",2,151,"EEF1A1;H3F3A"
"DC_Gen3_Module","tfdimers__MD00476",4.13,0.107,"BACH1; BACH2; FOXG1; FOXO1; MAF; MAFB; MAFF; MAFG; MAFK; NFE2; NFE2L1; NFE2L2; NFE2L3 (directAnnotation). ","",4,1312,"H3F3A;RPS12;RPS27;UBB"
"DC_Gen3_Module","cisbp__M1503",4.13,0.107,"","",6,3758,"CLUAP1;EEF1A1;H3F3A;RPS12;TMSB4X;UBB"
"DC_Gen3_Module","cisbp__M1554",4.12,0.107,"","GMEB1; GMEB2 (inferredBy_MotifSimilarity). ",2,151,"TPT1;UBB"
"DC_Gen3_Module","cisbp__M1543",4.12,0.107,"","GMEB1; GMEB2 (inferredBy_MotifSimilarity). ",2,151,"TPT1;UBB"
"DC_Gen3_Module","elemento__TCGCCGC",4.12,0.107,"","",2,151,"EEF1A1;H3F3A"
"DC_Gen3_Module","taipale_cyt_meth__YY2_NKCCGCCATTTTGN_FL",4.1,0.107,"YY2 (directAnnotation). ","POLR2A; YY1; ZNF597 (inferredBy_MotifSimilarity). ",4,822,"EEF1A1;RPS27;TMSB4X;UBA52"
"DC_Gen3_Module","fantom__motif3_CGCTNA",4.1,0.107,"","",5,1424,"EEF1A1;F2R;H3F3A;OAZ1;UBB"
"DC_Gen3_Module","cisbp__M6485",4.09,0.107,"","SPI1; SPIB; SPIC (inferredBy_MotifSimilarity). ",3,488,"H3F3A;OAZ1;TMSB4X"
"DC_Gen3_Module","taipale__CEBPD_DBD_NTTRCGCAAY",4.09,0.107,"CEBPD (directAnnotation). ","CEBPA; CEBPB; CEBPE; CEBPG; EP300; PPARGC1A (inferredBy_MotifSimilarity). ",5,1312,"EEF1A1;FTL;OAZ1;TPT1;UBB"
"DC_Gen3_Module","transfac_pro__M01500",4.09,0.107,"","",3,387,"EEF1A1;FTL;HBA2"
"DC_Gen3_Module","cisbp__M5155",4.08,0.106,"YY1; YY2 (inferredBy_Orthology). ","NR3C1; ZFP42; ZNF597 (inferredBy_MotifSimilarity). ",7,1844,"CLUAP1;EEF1A1;H3F3A;OAZ1;RPS27;TMSB4X;UBA52"
"DC_Gen3_Module","transfac_pro__M00372",4.08,0.106,"","",4,822,"EEF1A1;H3F3A;TPT1;UBB"
"DC_Gen3_Module","cisbp__M1545",4.07,0.106,"GMEB1 (directAnnotation). ","GMEB2 (inferredBy_MotifSimilarity_n_Orthology). ",2,151,"TPT1;UBB"
"DC_Gen3_Module","taipale__CREB3L1_DBD_NTGCCACGTCANCA",4.06,0.106,"CREB3L1 (directAnnotation). ","ATF6; ATF6B; CREB3; CREB3L2; CREB3L4; CREM; XBP1 (inferredBy_MotifSimilarity). ",2,181,"CLUAP1;TPT1"
"DC_Gen3_Module","cisbp__M4012",4.05,0.106,"CREB1 (directAnnotation). ","",4,1548,"RPS12;RPS27;TPT1;UBB"
"DC_Gen3_Module","transfac_pro__M05837",4.05,0.106,"ZFP2 (directAnnotation). ","",2,151,"EEF1A1;H3F3A"
"DC_Gen3_Module","taipale_cyt_meth__ATF6B_TGCCACGTCAYN_eDBD",4.04,0.105,"ATF6B (directAnnotation). ","ATF6; CREB3; CREB3L1; CREB3L2; CREB3L4; XBP1 (inferredBy_MotifSimilarity). ",6,3485,"CLUAP1;EEF1A1;H3F3A;RPS12;TPT1;UBB"
"DC_Gen3_Module","dbcorrdb__YY1__ENCSR000BNX_1__m1",4.04,0.105,"YY1 (directAnnotation). ","ATF3; ELK1; EZH2; GABPA; KDM5A; MAX; MXI1; MYC; NR3C1; PHF8; POLR2A; RBBP5; SAP30; TAF1; TAF7; THAP1; ZFP42; ZNF597; ZNF91 (inferredBy_MotifSimilarity). TAF1L; YY2 (inferredBy_MotifSimilarity_n_Orthology). ",8,4992,"EEF1A1;H3F3A;LAIR1;OAZ1;RPL41;RPS27;TMSB4X;UBA52"
"DC_Gen3_Module","dbcorrdb__YY1__ENCSR000BLZ_1__m1",4.02,0.105,"YY1 (directAnnotation). ","ATF3; ELK1; GABPA; KDM5A; MAX; MXI1; MYC; PHF8; POLR2A; RBBP5; SAP30; TAF1; TAF7; THAP1; YY2; ZFP42; ZNF597; ZNF91 (inferredBy_MotifSimilarity). TAF1L (inferredBy_MotifSimilarity_n_Orthology). ",8,4543,"EEF1A1;H3F3A;LAIR1;OAZ1;RPL41;RPS27;TMSB4X;UBA52"
"DC_Gen3_Module","transfac_public__M00421",4.02,0.105,"HOXA9; MEIS1 (directAnnotation). ","",2,151,"CLUAP1;EEF1A1"
"DC_Gen3_Module","cisbp__M3982",4,0.105,"STAT4 (directAnnotation). ","",2,151,"H3F3A;TMSB4X"
"DC_Gen3_Module","dbcorrdb__TAF1__ENCSR000BGS_1__m1",3.99,0.104,"TAF1 (directAnnotation). ","KDM5A; PHF8; POLR2A; TAF7; THAP1; YY1 (inferredBy_MotifSimilarity). TAF1L; YY2 (inferredBy_MotifSimilarity_n_Orthology). ",8,4895,"CLUAP1;EEF1A1;H3F3A;RPS12;RPS27;TMSB4X;UBA52;UBB"
"DC_Gen3_Module","hdpi__DAZAP1",3.99,0.104,"DAZAP1 (directAnnotation). ","",2,191,"H3F3A;TMSB4X"
"DC_Gen3_Module","hdpi__SSX3",3.99,0.104,"SSX3 (directAnnotation). ","",2,212,"H3F3A;TMSB4X"
"DC_Gen3_Module","transfac_public__M00498",3.99,0.104,"STAT4 (directAnnotation). ","",2,151,"H3F3A;TMSB4X"
"DC_Gen3_Module","dbcorrdb__TAF1__ENCSR000BHO_1__m2",3.99,0.104,"TAF1 (directAnnotation). ","",9,4923,"CLUAP1;EEF1A1;H3F3A;RPL41;RPS27;TMSB4X;TPT1;UBA52;UBB"
"DC_Gen3_Module","dbcorrdb__YY1__ENCSR000BLT_1__m1",3.99,0.104,"YY1 (directAnnotation). ","ATF3; ELK1; EZH2; GABPA; KDM5A; MAX; MXI1; MYC; PHF8; POLR2A; RBBP5; TAF1; TAF7; THAP1; YY2; ZFP42; ZNF597; ZNF91 (inferredBy_MotifSimilarity). TAF1L (inferredBy_MotifSimilarity_n_Orthology). ",5,1312,"EEF1A1;H3F3A;OAZ1;RPS27;UBA52"
"DC_Gen3_Module","elemento__GCCGCCC",3.98,0.104,"","",2,151,"EEF1A1;H3F3A"
"DC_Gen3_Module","hocomoco__CR3L1_HUMAN.H11MO.0.D",3.98,0.104,"CREB3L1 (directAnnotation). ","ATF6B; CREB3; CREB3L4 (inferredBy_MotifSimilarity). ATF6; CLOCK; CREB3L2 (inferredBy_MotifSimilarity_n_Orthology). ",3,488,"EEF1A1;H3F3A;TPT1"
"DC_Gen3_Module","taipale_cyt_meth__HES5_GGCACGTGYY_eDBD",3.97,0.104,"HES5 (directAnnotation). ","CLOCK; HES1; HES2; HES6; HES7; HEY1; HEY2 (inferredBy_MotifSimilarity). HES4; HEYL (inferredBy_MotifSimilarity_n_Orthology). ",2,204,"H3F3A;RPS12"
"DC_Gen3_Module","transfac_public__M00182",3.96,0.104,"","ARNT; ARNT2; ATF6B; BHLHE40; CREB3; CREB3L1; CREB3L4; MAX; MYC; USF1; USF2 (inferredBy_MotifSimilarity). ATF6; CREB3L2 (inferredBy_MotifSimilarity_n_Orthology). ",2,171,"H3F3A;TPT1"
"DC_Gen3_Module","transfac_public__M00516",3.96,0.104,"E2F1 (directAnnotation). ","E2F2; E2F3; E2F4; E2F5; E2F7; E2F8; RB1; TFDP1 (inferredBy_MotifSimilarity). ",3,488,"CLUAP1;EEF1A1;H3F3A"
"DC_Gen3_Module","taipale_cyt_meth__ZIC1_NRCCMCCYGCTGTGN_FL_meth",3.95,0.103,"ZIC1 (directAnnotation). ","HDAC2; ZIC2; ZIC3; ZIC4; ZIC5 (inferredBy_MotifSimilarity). NANOG; NANOGP8 (inferredBy_MotifSimilarity_n_Orthology). ",2,177,"H3F3A;TMSB4X"
"DC_Gen3_Module","cisbp__M5504",3.95,0.103,"HES5 (directAnnotation). ","HES1; HES2; HES7; HEY1; HEY2 (inferredBy_MotifSimilarity). HES4; HES6; HEYL (inferredBy_MotifSimilarity_n_Orthology). ",2,234,"H3F3A;RPS12"
"DC_Gen3_Module","cisbp__M2132",3.95,0.103,"","",5,2831,"EEF1A1;H3F3A;LAIR1;OAZ1;TMSB4X"
"DC_Gen3_Module","transfac_pro__M05106",3.95,0.103,"","",3,742,"EEF1A1;H3F3A;TMSB4X"
"DC_Gen3_Module","transfac_pro__M07517",3.94,0.103,"","",2,151,"H3F3A;TMSB4X"
"DC_Gen3_Module","cisbp__M1798",3.94,0.103,"","",2,212,"EEF1A1;H3F3A"
"DC_Gen3_Module","cisbp__M2681",3.92,0.103,"","ATF6; ATF6B; CREB3; CREB3L1; CREB3L4; CREM; XBP1 (inferredBy_MotifSimilarity). CREB3L2 (inferredBy_MotifSimilarity_n_Orthology). ",2,234,"RPS12;TPT1"
"DC_Gen3_Module","flyfactorsurvey__pho_SOLEXA_5_FBgn0002521",3.92,0.103,"YY1; YY2 (inferredBy_Orthology). ","NR3C1; ZFP42; ZNF597 (inferredBy_MotifSimilarity). ",7,1696,"CLUAP1;EEF1A1;H3F3A;OAZ1;RPS27;TMSB4X;UBA52"
"DC_Gen3_Module","transfac_pro__M04764",3.92,0.103,"NR3C1 (directAnnotation). ","THAP1; YY1; ZNF597 (inferredBy_MotifSimilarity). YY2 (inferredBy_MotifSimilarity_n_Orthology). ",6,1312,"CLUAP1;EEF1A1;H3F3A;RPS27;TMSB4X;UBA52"
"DC_Gen3_Module","cisbp__M1828",3.92,0.103,"","",5,2323,"EEF1A1;H3F3A;RPS27;TPT1;UBB"
"DC_Gen3_Module","hdpi__SNAPC5",3.92,0.103,"SNAPC5 (directAnnotation). ","",2,151,"H3F3A;TMSB4X"
"DC_Gen3_Module","transfac_pro__M07514",3.92,0.103,"","ATF3; TAF1 (inferredBy_MotifSimilarity). ",2,171,"H3F3A;TMSB4X"
"DC_Gen3_Module","cisbp__M3585",3.91,0.102,"MYB (directAnnotation). ","",2,218,"H3F3A;RPS12"
"DC_Gen3_Module","transfac_public__M00358",3.91,0.102,"","ATF6; ATF6B; CREB3; CREB3L1; CREB3L4; CREM; XBP1 (inferredBy_MotifSimilarity). CREB3L2 (inferredBy_MotifSimilarity_n_Orthology). ",1,1,"TPT1"
"DC_Gen3_Module","yetfasco__YIL130W_807",3.9,0.102,"","",3,393,"EEF1A1;FTL;HBA2"
"DC_Gen3_Module","cisbp__M1803",3.9,0.102,"","",7,4301,"CLUAP1;EEF1A1;H3F3A;RPL41;RPS12;RPS27;UBB"
"DC_Gen3_Module","neph__UW.Motif.0068",3.88,0.102,"","TAF1; YY1; ZNF597 (inferredBy_MotifSimilarity). YY2 (inferredBy_MotifSimilarity_n_Orthology). ",3,742,"EEF1A1;H3F3A;RPS27"
"DC_Gen3_Module","cisbp__M6279",3.88,0.102,"HMGA1 (directAnnotation). ","",5,2323,"EEF1A1;H3F3A;RPL41;RPS27;UBB"
"DC_Gen3_Module","hocomoco__HMGA1_HUMAN.H11MO.0.D",3.87,0.102,"HMGA1 (directAnnotation). ","",5,2323,"EEF1A1;H3F3A;RPL41;RPS27;UBB"
"DC_Gen3_Module","cisbp__M5314",3.87,0.102,"CEBPB (directAnnotation). ","CEBPA; CEBPD; CEBPE; CEBPG; EP300; PPARGC1A (inferredBy_MotifSimilarity). ",5,1312,"EEF1A1;FTL;OAZ1;TPT1;UBB"
"DC_Gen3_Module","transfac_public__M00237",3.87,0.101,"AHR; ARNT (directAnnotation). ","",6,3032,"EEF1A1;FTL;HBA2;RPS12;RPS27;UBB"
"DC_Gen3_Module","taipale_cyt_meth__YY2_NKCSGCCATTTTGN_FL_meth",3.87,0.101,"YY2 (directAnnotation). ","POLR2A; YY1; ZFP42; ZNF597 (inferredBy_MotifSimilarity). ",9,4543,"CLUAP1;EEF1A1;H3F3A;OAZ1;RPL41;RPS27;TMSB4X;UBA52;UBB"
"DC_Gen3_Module","transfac_pro__M07649",3.87,0.101,"HES6 (inferredBy_Orthology). ","BHLHE41; HES2; HES5; HES7; HEY1; HEY2 (inferredBy_MotifSimilarity). HES1; HES4; HEYL (inferredBy_MotifSimilarity_n_Orthology). ",1,4,"H3F3A"
"DC_Gen3_Module","cisbp__M0292",3.86,0.101,"XBP1 (inferredBy_Orthology). ","",2,234,"TPT1;UBB"
"DC_Gen3_Module","cisbp__M1573",3.86,0.101,"SMAD3 (inferredBy_Orthology). ","",3,488,"H3F3A;RPS27;UBB"
"DC_Gen3_Module","yetfasco__YKL112W_1993",3.86,0.101,"","",2,151,"EEF1A1;UBB"
"DC_Gen3_Module","cisbp__M0609",3.86,0.101,"DNMT1 (directAnnotation). ","",3,488,"EEF1A1;H3F3A;UBB"
"DC_Gen3_Module","jaspar__MA0327.1",3.86,0.101,"","",5,2656,"EEF1A1;H3F3A;LAIR1;OAZ1;TMSB4X"
"DC_Gen3_Module","jaspar__MA1023.1",3.85,0.101,"","",2,215,"H3F3A;TMSB4X"
"DC_Gen3_Module","transfac_pro__M06267",3.85,0.101,"ZNF805 (directAnnotation). ","",3,606,"EEF1A1;RPS27;TMSB4X"
"DC_Gen3_Module","transfac_pro__M06854",3.85,0.101,"ZNF600 (directAnnotation). ","",2,248,"LAIR1;RPL41"
"DC_Gen3_Module","dbcorrdb__CREB1__ENCSR000BRB_1__m1",3.85,0.101,"CREB1 (directAnnotation). ","ATF1; ATF3; BHLHE40; BRF1; BRF2; CEBPB; CTCF; E2F1; E2F6; ELK1; ESRRA; EZH2; GABPA; HDAC2; HMGN3; JUN; JUND; MAX; MXI1; MYC; NELFE; POLR2A; RAD21; RBBP5; SIN3A; SMARCA4; SMARCB1; SREBF1; SREBF2; TAF1; USF2; XRCC4; ZMIZ1; ZNF143; ZNF274 (inferredBy_MotifSimilarity). ",8,3963,"CLUAP1;EEF1A1;RPL41;RPS27;TMSB4X;TPT1;UBA52;UBB"
"DC_Gen3_Module","predrem__nrMotif2064",3.85,0.101,"","",2,171,"RPS12;TMSB4X"
"DC_Gen3_Module","dbcorrdb__POLR2AphosphoS5__ENCSR000BIC_1__m2",3.85,0.101,"","NRF1; POLR2A; SIX5 (inferredBy_MotifSimilarity). ",4,1312,"RPS27;TPT1;UBA52;UBB"
"DC_Gen3_Module","cisbp__M2426",3.84,0.101,"","",4,1312,"FTL;H3F3A;RPS12;TMSB4X"
"DC_Gen3_Module","dbcorrdb__POLR2A__ENCSR000DKT_1__m2",3.84,0.101,"POLR2A (directAnnotation). ","",5,1696,"EEF1A1;F2R;H3F3A;TMSB4X;UBB"
"DC_Gen3_Module","taipale_cyt_meth__CREB3_NGCCACRTCAYN_FL_meth",3.83,0.101,"CREB3 (directAnnotation). ","ATF6; ATF6B; CREB3L1; CREB3L2; CREB3L4; XBP1 (inferredBy_MotifSimilarity). ",1,3,"TPT1"
"DC_Gen3_Module","jaspar__MA1043.1",3.83,0.101,"","",2,211,"EEF1A1;UBB"
"DC_Gen3_Module","cisbp__M0016",3.83,0.101,"","",2,248,"H3F3A;TMSB4X"
"DC_Gen3_Module","transfac_pro__M04994",3.83,0.101,"","",3,525,"EEF1A1;F2R;H3F3A"
"DC_Gen3_Module","predrem__nrMotif1451",3.82,0.1,"","POLR2A; XRCC4 (inferredBy_MotifSimilarity). ",4,1548,"EEF1A1;H3F3A;RPS27;TPT1"
"DC_Gen3_Module","predrem__nrMotif2235",3.81,0.1,"","",2,191,"CLUAP1;EEF1A1"
"DC_Gen3_Module","fantom__motif92_GCGKWWNAA",3.81,0.1,"","",2,163,"H3F3A;TMSB4X"
"DC_Gen3_Module","dbcorrdb__YY1__ENCSR000BMH_1__m1",3.8,0.1,"YY1 (directAnnotation). ","ATF3; ELK1; GABPA; KDM5A; MAX; MXI1; MYC; NR3C1; PHF8; POLR2A; RBBP5; SAP30; TAF1; TAF7; THAP1; YY2; ZFP42; ZNF597; ZNF91 (inferredBy_MotifSimilarity). TAF1L (inferredBy_MotifSimilarity_n_Orthology). ",6,3032,"EEF1A1;H3F3A;OAZ1;RPS27;TMSB4X;UBA52"
"DC_Gen3_Module","cisbp__M1760",3.8,0.0999,"","",5,2656,"FTL;H3F3A;RPS12;RPS27;UBB"
"DC_Gen3_Module","taipale__CEBPB_DBD_NTTRCGCAAY",3.8,0.0999,"CEBPB (directAnnotation). ","CEBPA; CEBPD; CEBPE; CEBPG; EP300; PPARGC1A (inferredBy_MotifSimilarity). ",5,1312,"EEF1A1;FTL;OAZ1;TPT1;UBB"
"DC_Gen3_Module","taipale_cyt_meth__CEBPE_NRTTGCGYAAYN_eDBD_meth_repr",3.8,0.0998,"CEBPE (directAnnotation). ","CEBPA; CEBPB; CEBPD; CEBPG; DBP; EP300; HLF; NFIL3; PPARGC1A; TEF (inferredBy_MotifSimilarity). ",3,488,"EEF1A1;OAZ1;UBB"
"DC_Gen3_Module","transfac_pro__M06681",3.8,0.0998,"ZNF436 (directAnnotation). ","",2,222,"EEF1A1;TPT1"
"DC_Gen3_Module","cisbp__M1353",3.8,0.0998,"","MYB; MYBL1 (inferredBy_MotifSimilarity_n_Orthology). ",5,2323,"CLUAP1;EEF1A1;H3F3A;TPT1;UBB"
"DC_Gen3_Module","transfac_pro__M09530",3.79,0.0997,"","ATF6; ATF6B; CREB3; CREB3L1; CREB3L2; CREB3L4; XBP1 (inferredBy_MotifSimilarity). ",2,191,"EEF1A1;TPT1"
"DC_Gen3_Module","taipale_tf_pairs__ELK1_HOXA3_RSCGGTAATKR_CAP_repr",3.79,0.0997,"ELK1; HOXA3 (directAnnotation). ","",2,177,"H3F3A;RPS27"
"DC_Gen3_Module","transfac_pro__M01685",3.78,0.0995,"","",7,4262,"CLUAP1;EEF1A1;H3F3A;RPS12;TMSB4X;UBA52;UBB"
"DC_Gen3_Module","c2h2_zfs__M4297",3.78,0.0994,"YY1; YY2 (inferredBy_Orthology). ","NR3C1; ZFP42; ZNF597 (inferredBy_MotifSimilarity). ",5,1312,"EEF1A1;H3F3A;RPS27;TMSB4X;UBA52"
"DC_Gen3_Module","tfdimers__MD00448",3.78,0.0994,"HOXA13; NKX3-2 (directAnnotation). ","",3,488,"EEF1A1;H3F3A;RPS12"
"DC_Gen3_Module","transfac_pro__M01035",3.78,0.0994,"YY1 (directAnnotation). ","YY2; ZNF597 (inferredBy_MotifSimilarity). ",4,1548,"EEF1A1;H3F3A;OAZ1;RPS27"
"DC_Gen3_Module","taipale__CREB3_full_NTGCCACGTCAYCN_repr",3.77,0.0992,"CREB3 (directAnnotation). ","ATF6; ATF6B; CREB3L1; CREB3L2; CREB3L4; CREM; XBP1 (inferredBy_MotifSimilarity). ",4,1312,"CLUAP1;EEF1A1;RPS12;TPT1"
"DC_Gen3_Module","dbcorrdb__RBBP5__ENCSR000AQC_1__m4",3.76,0.099,"RBBP5 (directAnnotation). ","",7,4827,"EEF1A1;F2R;H3F3A;RPS12;RPS27;UBA52;UBB"
"DC_Gen3_Module","cisbp__M1919",3.75,0.0987,"YY1 (directAnnotation). ","KDM5A; NR3C1; TAF1; THAP1; YY2; ZFP42; ZNF597 (inferredBy_MotifSimilarity). TAF1L (inferredBy_MotifSimilarity_n_Orthology). ",5,1424,"EEF1A1;H3F3A;RPS27;TMSB4X;UBA52"
"DC_Gen3_Module","taipale_cyt_meth__CEBPD_NRTTGCGYAAYN_eDBD",3.74,0.0985,"CEBPD (directAnnotation). ","CEBPA; CEBPB; CEBPE; CEBPG; DBP; EP300; HLF; PPARGC1A; TEF (inferredBy_MotifSimilarity). ",4,822,"EEF1A1;OAZ1;TPT1;UBB"
"DC_Gen3_Module","cisbp__M1406",3.74,0.0985,"","",2,235,"EEF1A1;UBB"
"DC_Gen3_Module","transfac_pro__M03168",3.74,0.0985,"","",4,1829,"EEF1A1;H3F3A;RPS27;TMSB4X"
"DC_Gen3_Module","elemento__ACGCGGC",3.73,0.0983,"","",7,4827,"CLUAP1;EEF1A1;FTL;H3F3A;TMSB4X;UBA52;UBB"
"DC_Gen3_Module","swissregulon__hs__GZF1.p2",3.73,0.0982,"GZF1 (directAnnotation). ","",3,742,"EEF1A1;H3F3A;UBB"
"DC_Gen3_Module","cisbp__M1462",3.72,0.0979,"","",5,1548,"CLUAP1;EEF1A1;RPS12;RPS27;UBB"
"DC_Gen3_Module","dbcorrdb__TAF1__ENCSR000BIM_1__m1",3.72,0.0979,"TAF1 (directAnnotation). ","ATF3; KDM5A; KDM5B; POLR2A; RBBP5; TAF7; YY1 (inferredBy_MotifSimilarity). TAF1L (inferredBy_MotifSimilarity_n_Orthology). ",6,2831,"CLUAP1;EEF1A1;H3F3A;RPS27;TMSB4X;UBA52"
"DC_Gen3_Module","dbcorrdb__HA-E2F1__ENCSR000EWX_1__m1",3.71,0.0978,"E2F1 (directAnnotation). ","E2F6 (inferredBy_MotifSimilarity). ",6,1717,"CLUAP1;EEF1A1;H3F3A;RPS12;RPS27;UBB"
"DC_Gen3_Module","dbcorrdb__PPARGC1A__ENCSR000EEQ_1__m1",3.7,0.0976,"PPARGC1A (directAnnotation). ","HSF1; HSF2; HSF4 (inferredBy_MotifSimilarity). ",4,1312,"FTL;HBA2;TPT1;UBB"
"DC_Gen3_Module","flyfactorsurvey__phol_SOLEXA_5_FBgn0035997",3.7,0.0976,"YY1; YY2 (inferredBy_Orthology). ","NR3C1; ZFP42; ZNF597 (inferredBy_MotifSimilarity). ",5,1312,"EEF1A1;H3F3A;RPS27;TMSB4X;UBA52"
"DC_Gen3_Module","cisbp__M0033",3.7,0.0976,"","HCFC1 (inferredBy_MotifSimilarity). ",5,2577,"EEF1A1;H3F3A;RPS12;TMSB4X;UBB"
"DC_Gen3_Module","cisbp__M0018",3.7,0.0976,"","ATF3; KDM5A; PHF8; TAF1; YY1 (inferredBy_MotifSimilarity). ",7,4827,"H3F3A;RPS12;RPS27;TMSB4X;TPT1;UBA52;UBB"
"DC_Gen3_Module","transfac_pro__M05107",3.7,0.0976,"","",3,565,"EEF1A1;H3F3A;RPS27"
"DC_Gen3_Module","taipale_cyt_meth__ZNF597_NGCCGCCATYTTGN_FL",3.7,0.0974,"ZNF597 (directAnnotation). ","NR3C1; POLR2A; YY1; YY2; ZFP42 (inferredBy_MotifSimilarity). ",9,4895,"CLUAP1;EEF1A1;H3F3A;OAZ1;RPS12;RPS27;TMSB4X;UBA52;UBB"
"DC_Gen3_Module","transfac_pro__M05037",3.69,0.0973,"","",4,1312,"EEF1A1;F2R;H3F3A;RPS12"
"DC_Gen3_Module","cisbp__M1801",3.69,0.0973,"","",4,1312,"CLUAP1;EEF1A1;H3F3A;UBB"
"DC_Gen3_Module","transfac_pro__M02846",3.68,0.0972,"E2F2 (inferredBy_Orthology). ","E2F4 (inferredBy_MotifSimilarity). E2F3 (inferredBy_MotifSimilarity_n_Orthology). ",4,1312,"CLUAP1;H3F3A;TMSB4X;UBB"
"DC_Gen3_Module","cisbp__M5581",3.68,0.0972,"IRX2 (directAnnotation). ","IRX5 (inferredBy_MotifSimilarity). ",2,305,"H3F3A;TPT1"
"DC_Gen3_Module","transfac_pro__M05007",3.68,0.0971,"","",5,1696,"EEF1A1;F2R;H3F3A;RPS12;TMSB4X"
"DC_Gen3_Module","transfac_pro__M01740",3.67,0.0969,"","",1,3,"EEF1A1"
"DC_Gen3_Module","taipale_cyt_meth__CREB3L1_TGCCACRTCAYN_FL_meth",3.66,0.0967,"CREB3L1 (directAnnotation). ","ATF6; ATF6B; CREB3; CREB3L2; CREB3L4; XBP1 (inferredBy_MotifSimilarity). ",5,2556,"CLUAP1;EEF1A1;RPS12;TPT1;UBB"
"DC_Gen3_Module","cisbp__M0038",3.66,0.0967,"","",2,163,"H3F3A;TMSB4X"
"DC_Gen3_Module","cisbp__M1794",3.66,0.0966,"","",4,2323,"CLUAP1;EEF1A1;H3F3A;UBB"
"DC_Gen3_Module","taipale_cyt_meth__ZBED1_NTRTCGCGAYAN_eDBD_meth_repr",3.65,0.0964,"ZBED1 (directAnnotation). ","",2,204,"EEF1A1;UBB"
"DC_Gen3_Module","cisbp__M4490",3.64,0.0961,"YY1 (directAnnotation). ","KDM5A; NR3C1; POLR2A; TAF1; THAP1; ZFP42; ZNF597 (inferredBy_MotifSimilarity). TAF1L; YY2 (inferredBy_MotifSimilarity_n_Orthology). ",5,1696,"EEF1A1;H3F3A;RPS27;TMSB4X;UBA52"
"DC_Gen3_Module","dbcorrdb__POLR2A__ENCSR000EYW_1__m2",3.64,0.096,"POLR2A (directAnnotation). ","GABPA (inferredBy_MotifSimilarity). ",5,2323,"H3F3A;OAZ1;RPS12;TPT1;UBB"
"DC_Gen3_Module","cisbp__M0075",3.63,0.0959,"","",2,305,"H3F3A;TMSB4X"
"DC_Gen3_Module","hocomoco__CXXC1_HUMAN.H11MO.0.D",3.63,0.0959,"CXXC1 (directAnnotation). ","",2,183,"EEF1A1;H3F3A"
"DC_Gen3_Module","cisbp__M0009",3.63,0.0959,"","TAF1 (inferredBy_MotifSimilarity). ",2,205,"TMSB4X;UBB"
"DC_Gen3_Module","homer__ATTGCGCAAC_CEBP",3.63,0.0959,"CEBPB (inferredBy_Orthology). ","CEBPD; CEBPE; CEBPG (inferredBy_MotifSimilarity). CEBPA (inferredBy_MotifSimilarity_n_Orthology). ",4,1312,"EEF1A1;FTL;OAZ1;TPT1"
"DC_Gen3_Module","transfac_pro__M05038",3.63,0.0959,"","",4,1312,"EEF1A1;F2R;H3F3A;RPS12"
"DC_Gen3_Module","taipale_tf_pairs__HOX13_MEIS1_NNNRTAAANCTGTN_ChIP_Exo",3.62,0.0958,"MEIS1 (directAnnotation). ","",2,305,"CLUAP1;EEF1A1"
"DC_Gen3_Module","taipale_cyt_meth__CREB3L1_TGCCACRTCAYN_eDBD_meth",3.62,0.0958,"CREB3L1 (directAnnotation). ","ATF6; ATF6B; CREB3; CREB3L2; CREB3L4; XBP1 (inferredBy_MotifSimilarity). ",6,2656,"CLUAP1;EEF1A1;H3F3A;RPS12;TPT1;UBB"
"DC_Gen3_Module","jaspar__MA0976.1",3.62,0.0957,"","HCFC1 (inferredBy_MotifSimilarity). ",7,4827,"EEF1A1;H3F3A;OAZ1;RPS12;TMSB4X;TPT1;UBB"
"DC_Gen3_Module","transfac_pro__M03190",3.62,0.0956,"","",3,488,"EEF1A1;H3F3A;TMSB4X"
"DC_Gen3_Module","taipale__CEBPG_DBD_NTTRCGCAAY",3.62,0.0956,"CEBPG (directAnnotation). ","CEBPA; CEBPB; CEBPD; CEBPE; EP300 (inferredBy_MotifSimilarity). ",2,191,"OAZ1;TPT1"
"DC_Gen3_Module","scertf__macisaac.SWI6",3.61,0.0955,"","",4,1312,"EEF1A1;H3F3A;RPS12;UBB"
"DC_Gen3_Module","transfac_pro__M01886",3.61,0.0955,"NFATC3 (directAnnotation). ","",2,305,"H3F3A;TMSB4X"
"DC_Gen3_Module","cisbp__M1288",3.6,0.0952,"","",7,3296,"EEF1A1;H3F3A;OAZ1;TMSB4X;TPT1;UBA52;UBB"
"DC_Gen3_Module","elemento__CGCGCCG",3.6,0.0952,"","",7,3296,"EEF1A1;H3F3A;OAZ1;RPS27;TMSB4X;UBA52;UBB"
"DC_Gen3_Module","cisbp__M3134",3.59,0.0949,"E2F1 (directAnnotation). ","E2F2; E2F3; E2F4; E2F5; E2F7; E2F8; RB1; TFDP1 (inferredBy_MotifSimilarity). ",3,502,"CLUAP1;EEF1A1;H3F3A"
"DC_Gen3_Module","cisbp__M0024",3.59,0.0949,"","",2,305,"H3F3A;TMSB4X"
"DC_Gen3_Module","cisbp__M1400",3.58,0.0948,"","",2,321,"TPT1;UBB"
"DC_Gen3_Module","transfac_pro__M03203",3.58,0.0948,"","",4,2323,"EEF1A1;H3F3A;RPS27;TMSB4X"
"DC_Gen3_Module","homer__CAAGATGGCGGC_YY1",3.58,0.0948,"","KDM5A; NR3C1; POLR2A; TAF1; TAF7; THAP1; YY1; YY2; ZFP42; ZNF597 (inferredBy_MotifSimilarity). TAF1L (inferredBy_MotifSimilarity_n_Orthology). ",5,1312,"EEF1A1;H3F3A;RPS27;TMSB4X;UBA52"
"DC_Gen3_Module","cisbp__M0014",3.57,0.0946,"","",3,491,"EEF1A1;H3F3A;TMSB4X"
"DC_Gen3_Module","elemento__GCGCGCC",3.57,0.0946,"","",4,1548,"CLUAP1;EEF1A1;H3F3A;UBB"
"DC_Gen3_Module","transfac_pro__M05119",3.57,0.0946,"","",3,387,"H3F3A;RPL41;UBB"
"DC_Gen3_Module","transfac_pro__M05104",3.57,0.0946,"","",6,3485,"EEF1A1;F2R;H3F3A;RPS12;RPS27;TMSB4X"
"DC_Gen3_Module","cisbp__M0310",3.57,0.0945,"CEBPE (inferredBy_Orthology). ","EP300 (inferredBy_MotifSimilarity). CEBPA; CEBPB; CEBPG (inferredBy_MotifSimilarity_n_Orthology). ",3,569,"EEF1A1;OAZ1;UBB"
"DC_Gen3_Module","hdpi__PHLDA2",3.57,0.0945,"PHLDA2 (directAnnotation). ","",2,305,"H3F3A;TMSB4X"
"DC_Gen3_Module","transfac_pro__M03174",3.57,0.0945,"","",1,3,"TMSB4X"
"DC_Gen3_Module","taipale_cyt_meth__CEBPG_NRTTGCGYAAYN_eDBD",3.57,0.0945,"CEBPG (directAnnotation). ","CEBPA; CEBPB; CEBPD; CEBPE; DBP; EP300; HLF; PPARGC1A; TEF (inferredBy_MotifSimilarity). ",7,4382,"EEF1A1;FTL;H3F3A;OAZ1;RPS27;TPT1;UBB"
"DC_Gen3_Module","transfac_pro__M09574",3.56,0.0944,"","",2,191,"H3F3A;TMSB4X"
"DC_Gen3_Module","jaspar__MA1001.1",3.56,0.0944,"","KDM5A; TAF1 (inferredBy_MotifSimilarity). ",2,219,"TMSB4X;UBB"
"DC_Gen3_Module","cisbp__M5953",3.56,0.0943,"XBP1 (directAnnotation). ","ATF6; ATF6B; CREB3; CREB3L1; CREB3L2; CREB3L4; CREM (inferredBy_MotifSimilarity). ATF3 (inferredBy_MotifSimilarity_n_Orthology). ",6,3781,"CLUAP1;EEF1A1;H3F3A;RPS12;TPT1;UBB"
"DC_Gen3_Module","transfac_pro__M03169",3.56,0.0943,"","",5,1696,"EEF1A1;F2R;H3F3A;RPS12;UBA52"
"DC_Gen3_Module","predrem__nrMotif1654",3.55,0.0942,"","",2,305,"FTL;TMSB4X"
"DC_Gen3_Module","transfac_pro__M07520",3.55,0.0941,"","HCFC1; ZMIZ1; ZNF66 (inferredBy_MotifSimilarity). ",6,3296,"EEF1A1;H3F3A;RPS12;TMSB4X;TPT1;UBB"
"DC_Gen3_Module","taipale_cyt_meth__HOXA9_RTCGTAAANN_FL_meth",3.55,0.094,"HOXA9 (directAnnotation). ","CDX2 (inferredBy_MotifSimilarity). HOXD11 (inferredBy_MotifSimilarity_n_Orthology). ",2,305,"EEF1A1;UBB"
"DC_Gen3_Module","cisbp__M5315",3.55,0.094,"CEBPB (directAnnotation). ","CEBPA; CEBPD; CEBPE; CEBPG; EP300; PPARGC1A (inferredBy_MotifSimilarity). ",5,2323,"EEF1A1;FTL;OAZ1;TPT1;UBB"
"DC_Gen3_Module","cisbp__M0753",3.55,0.094,"FOXN1; FOXN2; FOXN3; FOXN4; FOXR1; FOXR2 (inferredBy_Orthology). ","",3,488,"OAZ1;UBA52;UBB"
"DC_Gen3_Module","jaspar__MA0999.1",3.54,0.0939,"","",2,305,"H3F3A;TMSB4X"
"DC_Gen3_Module","dbcorrdb__POLR2AphosphoS5__ENCSR000BML_1__m2",3.53,0.0937,"","",7,4390,"EEF1A1;H3F3A;RPL41;RPS27;TPT1;UBA52;UBB"
"DC_Gen3_Module","homer__WTTTTCYYTTTT_RLR1_",3.53,0.0937,"","",2,305,"H3F3A;RPS27"
"DC_Gen3_Module","dbcorrdb__POLR2A__ENCSR000BHZ_1__m2",3.53,0.0936,"POLR2A (directAnnotation). ","",4,1312,"H3F3A;RPS27;TMSB4X;UBB"
"DC_Gen3_Module","transfac_public__M00496",3.53,0.0935,"STAT1 (directAnnotation). ","",2,305,"H3F3A;TMSB4X"
"DC_Gen3_Module","cisbp__M5995",3.53,0.0935,"CEBPB (inferredBy_Orthology). ","CEBPA; CEBPD; CEBPE; CEBPG; EP300; PPARGC1A (inferredBy_MotifSimilarity). ",5,2323,"EEF1A1;FTL;OAZ1;TPT1;UBB"
"DC_Gen3_Module","transfac_pro__M05032",3.52,0.0934,"","",1,1,"H3F3A"
"DC_Gen3_Module","flyfactorsurvey__h_NAR_FBgn0001168",3.52,0.0934,"","BHLHE40; BHLHE41; HES1; HES2; HES5; HES7; HEY2 (inferredBy_MotifSimilarity). HES4; HES6; TCFL5 (inferredBy_MotifSimilarity_n_Orthology). ",4,1312,"FTL;H3F3A;RPS12;TMSB4X"
"DC_Gen3_Module","transfac_pro__M02089",3.52,0.0934,"E2F3 (directAnnotation). ","",8,4543,"EEF1A1;FTL;H3F3A;RPL41;RPS12;RPS27;TMSB4X;UBB"
"DC_Gen3_Module","swissregulon__hs__E2F1..5.p2",3.52,0.0933,"E2F1; E2F2; E2F3; E2F4; E2F5 (directAnnotation). ","RB1; TFDP1 (inferredBy_MotifSimilarity). ",4,894,"CLUAP1;EEF1A1;H3F3A;TPT1"
"DC_Gen3_Module","dbcorrdb__GTF2F1__ENCSR000EBP_1__m1",3.51,0.0932,"GTF2F1 (directAnnotation). ","GTF2B; POLR2A; TAF1; TBP (inferredBy_MotifSimilarity). TBPL2 (inferredBy_MotifSimilarity_n_Orthology). ",7,1548,"EEF1A1;FTL;H3F3A;RPS27;TMSB4X;TPT1;UBB"
"DC_Gen3_Module","dbcorrdb__MYC__ENCSR000EBY_1__m1",3.51,0.0932,"MYC (directAnnotation). ","ARNT; ARNT2; ATF1; ATF3; BHLHE40; BRF1; CTCF; E2F6; ELF1; ESRRA; EZH2; GABPA; MAX; MAZ; MXI1; MYCN; NFE2; POLR2A; RAD21; SAP30; SMARCA4; SP2; SP4; SREBF1; SREBF2; STAT1; TAF1; USF1; USF2; XRCC4; ZEB1; ZMIZ1; ZNF143; ZNF274 (inferredBy_MotifSimilarity). CLOCK; NPAS2 (inferredBy_MotifSimilarity_n_Orthology). ",2,321,"EEF1A1;H3F3A"
"DC_Gen3_Module","transfac_pro__M05008",3.51,0.0932,"","",6,2686,"EEF1A1;H3F3A;RPS12;RPS27;UBA52;UBB"
"DC_Gen3_Module","transfac_pro__M05968",3.51,0.0931,"ZNF316 (directAnnotation). ","ZNF691 (inferredBy_MotifSimilarity). ",2,305,"FTL;H3F3A"
"DC_Gen3_Module","jaspar__MA1007.1",3.51,0.093,"","",2,305,"H3F3A;TMSB4X"
"DC_Gen3_Module","taipale_cyt_meth__SMAD5_YGTCTAGACA_eDBD_meth_repr",3.5,0.093,"SMAD5 (directAnnotation). ","",2,191,"F2R;LAIR1"
"DC_Gen3_Module","transfac_pro__M01744",3.5,0.093,"ZFP42 (directAnnotation). ","KDM5A; TAF1; THAP1; YY1; ZNF597 (inferredBy_MotifSimilarity). YY2 (inferredBy_MotifSimilarity_n_Orthology). ",5,1312,"EEF1A1;H3F3A;OAZ1;RPS27;TMSB4X"
"DC_Gen3_Module","jaspar__MA0998.1",3.5,0.0929,"","KDM5A; TAF1; YY1 (inferredBy_MotifSimilarity). ",2,218,"H3F3A;TMSB4X"
"DC_Gen3_Module","transfac_pro__M07679",3.5,0.0929,"CREB3L1; CREB3L2 (inferredBy_Orthology). ","ATF6; ATF6B; CREB3; CREB3L4; CREM; XBP1 (inferredBy_MotifSimilarity). ATF3 (inferredBy_MotifSimilarity_n_Orthology). ",4,918,"CLUAP1;EEF1A1;RPS12;TPT1"
"DC_Gen3_Module","neph__UW.Motif.0531",3.5,0.0929,"","",2,305,"HBB;RPS12"
"DC_Gen3_Module","cisbp__M3968",3.49,0.0928,"STAT1 (directAnnotation). ","",2,305,"H3F3A;TMSB4X"
"DC_Gen3_Module","transfac_public__M00183",3.49,0.0927,"MYB (directAnnotation). ","",2,321,"H3F3A;RPS12"
"DC_Gen3_Module","dbcorrdb__YY1__ENCSR000EXG_1__m1",3.49,0.0927,"YY1 (directAnnotation). ","ATF3; GABPA; KDM5A; KDM5B; MYC; NR3C1; POLR2A; RBBP5; REST; TAF1; TAF7; THAP1; YY2; ZFP42; ZNF597; ZNF91 (inferredBy_MotifSimilarity). TAF1L (inferredBy_MotifSimilarity_n_Orthology). ",6,2556,"CLUAP1;EEF1A1;H3F3A;RPS27;TMSB4X;UBA52"
"DC_Gen3_Module","cisbp__M5021",3.49,0.0926,"","BHLHE41; HES1; HES2; HES5; HES7; HEY1; HEY2 (inferredBy_MotifSimilarity). BHLHE40; HES4; HES6; HEYL (inferredBy_MotifSimilarity_n_Orthology). ",2,191,"H3F3A;RPS12"
"DC_Gen3_Module","cisbp__M5154",3.49,0.0926,"YY1; YY2 (inferredBy_Orthology). ","NR3C1; POLR2A; TAF1; ZNF597 (inferredBy_MotifSimilarity). TAF1L (inferredBy_MotifSimilarity_n_Orthology). ",7,1844,"CLUAP1;EEF1A1;H3F3A;RPL41;RPS27;TMSB4X;UBA52"
"DC_Gen3_Module","predrem__nrMotif2096",3.48,0.0925,"","KLF3; KLF6 (inferredBy_MotifSimilarity). ",4,1312,"CLUAP1;EEF1A1;H3F3A;LAIR1"
"DC_Gen3_Module","cisbp__M5025",3.48,0.0924,"HES6 (inferredBy_Orthology). ","HES5; HES7 (inferredBy_MotifSimilarity). HES1; HES4 (inferredBy_MotifSimilarity_n_Orthology). ",2,321,"H3F3A;RPS12"
"DC_Gen3_Module","neph__UW.Motif.0525",3.48,0.0924,"","",2,321,"H3F3A;RPS12"
"DC_Gen3_Module","transfac_pro__M01901",3.47,0.0923,"","",2,305,"EEF1A1;UBB"
"DC_Gen3_Module","cisbp__M0037",3.47,0.0923,"","KDM5A; TAF1; YY1 (inferredBy_MotifSimilarity). ",2,215,"H3F3A;TMSB4X"
"DC_Gen3_Module","taipale_cyt_meth__SPIB_RAWWGRGGAAGTN_FL_meth",3.47,0.0923,"SPIB (directAnnotation). ","BCL11A; EP300; IKZF1; IRF4; IRF8; SPI1; SPIC (inferredBy_MotifSimilarity). ",2,305,"OAZ1;TMSB4X"
"DC_Gen3_Module","taipale_cyt_meth__CEBPG_NRTTGCGYAAYN_eDBD_meth",3.47,0.0923,"CEBPG (directAnnotation). ","CEBPA; CEBPB; CEBPD; CEBPE; DBP; EP300; HLF; NFIL3; TEF (inferredBy_MotifSimilarity). ",3,742,"EEF1A1;OAZ1;UBB"
"DC_Gen3_Module","jaspar__MA1002.1",3.47,0.0922,"","ATF3; KDM5A; TAF1; YY1 (inferredBy_MotifSimilarity). ",7,4827,"H3F3A;RPS12;RPS27;TMSB4X;TPT1;UBA52;UBB"
"DC_Gen3_Module","taipale_cyt_meth__ELF5_NANNAGGAAGTN_FL_meth",3.47,0.0922,"ELF5 (directAnnotation). ","EHF; ELF1; ELF3; ELF4; SPI1 (inferredBy_MotifSimilarity). ",3,488,"HBA2;LAIR1;TMSB4X"
"DC_Gen3_Module","cisbp__M1951",3.46,0.0919,"HINFP (directAnnotation). ","",3,895,"CLUAP1;EEF1A1;UBB"
"DC_Gen3_Module","transfac_pro__M09562",3.46,0.0919,"","ATF3; TAF1 (inferredBy_MotifSimilarity). ",7,4262,"EEF1A1;H3F3A;RPS12;RPS27;TMSB4X;UBA52;UBB"
"DC_Gen3_Module","jaspar__MA0265.1",3.45,0.0918,"","",2,305,"EEF1A1;UBB"
"DC_Gen3_Module","cisbp__M4949",3.45,0.0918,"","HES5; HES7 (inferredBy_MotifSimilarity). HES1; HES4; HES6 (inferredBy_MotifSimilarity_n_Orthology). ",1,16,"H3F3A"
"DC_Gen3_Module","transfac_pro__M01718",3.45,0.0916,"NFATC1 (directAnnotation). ","",2,218,"H3F3A;TMSB4X"
"DC_Gen3_Module","transfac_pro__M05236",3.45,0.0916,"","BRF2; CTCF; ESRRA; EZH2; ZBTB7A (inferredBy_MotifSimilarity). ",9,4827,"CLUAP1;EEF1A1;FTL;H3F3A;LAIR1;OAZ1;RPS27;TMSB4X;UBA52"
"DC_Gen3_Module","dbcorrdb__POLR2AphosphoS5__ENCSR000BIC_1__m1",3.45,0.0916,"","POLR2A; ZNF143 (inferredBy_MotifSimilarity). ",3,822,"EEF1A1;RPL41;UBB"
"DC_Gen3_Module","transfac_pro__M05024",3.44,0.0915,"","",3,488,"EEF1A1;H3F3A;RPS12"
"DC_Gen3_Module","cisbp__M5858",3.44,0.0915,"SPDEF (directAnnotation). ","",2,248,"EEF1A1;TMSB4X"
"DC_Gen3_Module","transfac_pro__M03198",3.44,0.0915,"","",6,3611,"EEF1A1;FTL;H3F3A;OAZ1;TMSB4X;UBB"
"DC_Gen3_Module","cisbp__M2070",3.43,0.0914,"","",2,305,"EEF1A1;UBB"
"DC_Gen3_Module","transfac_pro__M07669",3.43,0.0913,"ATF6; ATF6B (inferredBy_Orthology). ","CREB3; CREB3L1; CREB3L2; CREB3L4; CREM; XBP1 (inferredBy_MotifSimilarity). ",4,1312,"CLUAP1;EEF1A1;RPS12;TPT1"
"DC_Gen3_Module","cisbp__M0072",3.43,0.0913,"","",2,321,"H3F3A;TMSB4X"
"DC_Gen3_Module","transfac_pro__M03189",3.43,0.0913,"","",6,3885,"EEF1A1;FTL;H3F3A;OAZ1;TMSB4X;UBB"
"DC_Gen3_Module","cisbp__M5167",3.43,0.0912,"","",4,1312,"EEF1A1;H3F3A;OAZ1;TMSB4X"
"DC_Gen3_Module","transfac_pro__M01281",3.43,0.0912,"ILF2; NFATC2 (directAnnotation). ","",3,858,"H3F3A;RPS27;TMSB4X"
"DC_Gen3_Module","scertf__zhu.STP2",3.41,0.0909,"","",2,248,"TMSB4X;UBB"
"DC_Gen3_Module","cisbp__M1709",3.41,0.0909,"","",3,488,"EEF1A1;H3F3A;UBB"
"DC_Gen3_Module","taipale_cyt_meth__CEBPG_NRTTGCGYAAYN_FL_meth",3.41,0.0909,"CEBPG (directAnnotation). ","ATF4; CEBPA; CEBPB; CEBPD; CEBPE; DBP; EP300; HLF; PPARGC1A; TEF (inferredBy_MotifSimilarity). ",2,195,"OAZ1;UBB"
"DC_Gen3_Module","jaspar__MA1008.1",3.41,0.0909,"","",1,9,"H3F3A"
"DC_Gen3_Module","cisbp__M0671",3.41,0.0909,"","E2F1; E2F2; E2F3; E2F4 (inferredBy_MotifSimilarity). E2F6 (inferredBy_MotifSimilarity_n_Orthology). ",2,305,"CLUAP1;UBB"
"DC_Gen3_Module","dbcorrdb__YY1__ENCSR000BPM_1__m1",3.41,0.0908,"YY1 (directAnnotation). ","ATF3; ELK1; GABPA; KDM5A; KDM5B; MAX; MXI1; MYC; NR3C1; PHF8; POLR2A; RBBP5; TAF1; TAF7; THAP1; ZFP42; ZNF597; ZNF91 (inferredBy_MotifSimilarity). TAF1L; YY2 (inferredBy_MotifSimilarity_n_Orthology). ",7,3296,"EEF1A1;H3F3A;OAZ1;RPL41;RPS27;TMSB4X;UBA52"
"DC_Gen3_Module","scertf__macisaac.URC2",3.41,0.0907,"","",3,822,"EEF1A1;H3F3A;RPS27"
"DC_Gen3_Module","taipale__Cebpb_DBD_NTTRCGCAAY_repr",3.4,0.0905,"CEBPB (inferredBy_Orthology). ","CEBPA; CEBPD; CEBPE; CEBPG; EP300 (inferredBy_MotifSimilarity). ",5,2323,"EEF1A1;FTL;OAZ1;TPT1;UBB"
"DC_Gen3_Module","cisbp__M5318",3.39,0.0904,"CEBPG (directAnnotation). ","CEBPA; CEBPB; CEBPD; CEBPE; EP300 (inferredBy_MotifSimilarity). ",2,234,"OAZ1;TPT1"
"DC_Gen3_Module","scertf__zhu.TBS1",3.39,0.0904,"","",5,2323,"EEF1A1;FTL;H3F3A;TMSB4X;UBA52"
"DC_Gen3_Module","taipale__IRX2_DBD_NWACAYRACAWN_repr",3.39,0.0903,"IRX2 (directAnnotation). ","IRX5 (inferredBy_MotifSimilarity). ",1,16,"TPT1"
"DC_Gen3_Module","flyfactorsurvey__HLHm7_SANGER_5_FBgn0002633",3.39,0.0903,"HES6 (inferredBy_Orthology). ","",2,305,"H3F3A;RPS12"
"DC_Gen3_Module","cisbp__M6010",3.39,0.0903,"FOXC1 (inferredBy_Orthology). ","FOXJ3 (inferredBy_MotifSimilarity). FOXC2; FOXD1; FOXD2; FOXD3; FOXD4; FOXD4L1; FOXD4L3; FOXD4L4; FOXD4L5; FOXD4L6 (inferredBy_MotifSimilarity_n_Orthology). ",4,1312,"F2R;H3F3A;LAIR1;UBB"
"DC_Gen3_Module","taipale__CEBPB_full_NTTRCGCAAY",3.39,0.0902,"CEBPB (directAnnotation). ","CEBPA; CEBPD; CEBPE; CEBPG; EP300; PPARGC1A (inferredBy_MotifSimilarity). ",5,2323,"EEF1A1;FTL;OAZ1;TPT1;UBB"
"DC_Gen3_Module","jaspar__MA0395.1",3.39,0.0902,"","",5,2323,"EEF1A1;H3F3A;TMSB4X;UBA52;UBB"
"DC_Gen3_Module","taipale__CEBPG_full_NTTRCGCAAY",3.38,0.0901,"CEBPG (directAnnotation). ","CEBPA; CEBPB; CEBPD; CEBPE; EP300 (inferredBy_MotifSimilarity). ",2,234,"OAZ1;TPT1"
"DC_Gen3_Module","tfdimers__MD00041",3.37,0.0899,"CRX; HMBOX1 (directAnnotation). ","",2,248,"EEF1A1;FTL"
"DC_Gen3_Module","transfac_pro__M03172",3.37,0.0898,"","",4,894,"EEF1A1;H3F3A;RPS27;TMSB4X"
"DC_Gen3_Module","hdpi__NFATC3",3.36,0.0897,"NFATC3 (directAnnotation). ","",3,569,"H3F3A;TMSB4X;TPT1"
"DC_Gen3_Module","taipale_tf_pairs__E2F3_EOMES_NNGYGNNNNGGCGCSNNNNCRCNN_CAP_repr",3.36,0.0896,"E2F3; EOMES (directAnnotation). ","",2,305,"EEF1A1;H3F3A"
"DC_Gen3_Module","cisbp__M1745",3.35,0.0895,"","",7,3836,"EEF1A1;F2R;H3F3A;RPS12;TMSB4X;UBA52;UBB"
"DC_Gen3_Module","taipale__ZIC3_full_GACCCCCYGYTGNGN",3.35,0.0895,"ZIC3 (directAnnotation). ","ZIC1; ZIC2; ZIC4; ZIC5 (inferredBy_MotifSimilarity). GLIS1; GLIS3 (inferredBy_MotifSimilarity_n_Orthology). ",2,305,"H3F3A;TMSB4X"
"DC_Gen3_Module","cisbp__M5964",3.35,0.0894,"ZIC3 (directAnnotation). ","ZIC1; ZIC2; ZIC4; ZIC5 (inferredBy_MotifSimilarity). GLIS1; GLIS3 (inferredBy_MotifSimilarity_n_Orthology). ",2,235,"H3F3A;TMSB4X"
"DC_Gen3_Module","transfac_pro__M05283",3.35,0.0894,"","ESRRA; EZH2 (inferredBy_MotifSimilarity). ",8,4827,"EEF1A1;F2R;FTL;LAIR1;OAZ1;RPS27;TMSB4X;UBA52"
"DC_Gen3_Module","transfac_pro__M05100",3.35,0.0894,"","",2,305,"EEF1A1;H3F3A"
"DC_Gen3_Module","stark__AATNNNNNNNAAAA",3.35,0.0893,"","",2,387,"EEF1A1;H3F3A"
"DC_Gen3_Module","transfac_pro__M02827",3.35,0.0893,"ZNF35 (inferredBy_Orthology). ","",4,1312,"CLUAP1;H3F3A;RPS27;UBB"
"DC_Gen3_Module","flyfactorsurvey__HLHmgamma_SANGER_10_FBgn0002735",3.35,0.0893,"HES6 (inferredBy_Orthology). ","HES5; HES7 (inferredBy_MotifSimilarity). HES1; HES4 (inferredBy_MotifSimilarity_n_Orthology). ",2,387,"H3F3A;RPS12"
"DC_Gen3_Module","taipale__CEBPE_DBD_NTTRCGCAAY",3.35,0.0893,"CEBPE (directAnnotation). ","CEBPA; CEBPB; CEBPD; CEBPG; EP300; PPARGC1A (inferredBy_MotifSimilarity). ",5,851,"EEF1A1;FTL;OAZ1;TPT1;UBB"
"DC_Gen3_Module","cisbp__M6259",3.34,0.0892,"GCM1 (directAnnotation). ","",2,387,"EEF1A1;H3F3A"
"DC_Gen3_Module","swissregulon__sacCer__STP2",3.34,0.0891,"","",2,305,"TMSB4X;UBB"
"DC_Gen3_Module","transfac_pro__M05143",3.33,0.089,"","",3,488,"EEF1A1;H3F3A;RPS12"
"DC_Gen3_Module","transfac_pro__M09564",3.33,0.089,"","",6,2580,"EEF1A1;H3F3A;RPS12;RPS27;TMSB4X;UBB"
"DC_Gen3_Module","jaspar__MA0095.2",3.33,0.089,"YY1 (directAnnotation). ","KDM5A; NR3C1; TAF1; THAP1; YY2; ZFP42; ZNF597 (inferredBy_MotifSimilarity). TAF1L (inferredBy_MotifSimilarity_n_Orthology). ",5,1548,"EEF1A1;H3F3A;RPS27;TMSB4X;UBA52"
"DC_Gen3_Module","factorbook__YY1",3.33,0.0888,"YY1 (directAnnotation). ","KDM5A; PHF8; POLR2A; SAP30; TAF1; TAF7; ZFP42 (inferredBy_MotifSimilarity). TAF1L (inferredBy_MotifSimilarity_n_Orthology). ",5,1696,"EEF1A1;H3F3A;RPS27;TMSB4X;UBA52"
"DC_Gen3_Module","taipale_cyt_meth__CDX2_NRTCGTAAANNN_eDBD_meth",3.32,0.0888,"CDX2 (directAnnotation). ","HOXA9 (inferredBy_MotifSimilarity). ",3,1312,"EEF1A1;F2R;UBB"
"DC_Gen3_Module","neph__UW.Motif.0553",3.32,0.0887,"","",2,209,"FTL;H3F3A"
"DC_Gen3_Module","bergman__h",3.31,0.0886,"","",7,4827,"CLUAP1;EEF1A1;FTL;H3F3A;RPS12;TMSB4X;UBB"
"DC_Gen3_Module","transfac_public__M00067",3.31,0.0886,"","",7,4827,"CLUAP1;EEF1A1;FTL;H3F3A;RPS12;TMSB4X;UBB"
"DC_Gen3_Module","transfac_pro__M05164",3.31,0.0884,"","",2,207,"EEF1A1;H3F3A"
"DC_Gen3_Module","transfac_public__M00198",3.31,0.0884,"","",2,305,"FTL;RPS12"
"DC_Gen3_Module","cisbp__M5317",3.31,0.0884,"CEBPE (directAnnotation). ","CEBPA; CEBPB; CEBPD; CEBPG; EP300; PPARGC1A (inferredBy_MotifSimilarity). ",5,851,"EEF1A1;FTL;OAZ1;TPT1;UBB"
"DC_Gen3_Module","transfac_pro__M01097",3.3,0.0882,"CDX1; CDX2; CDX4 (inferredBy_Orthology). ","",1,3,"H3F3A"
"DC_Gen3_Module","cisbp__M2200",3.3,0.0882,"","",5,2323,"EEF1A1;H3F3A;TMSB4X;UBA52;UBB"
"DC_Gen3_Module","transfac_pro__M02026",3.29,0.0881,"MEF2D (directAnnotation). ","",2,211,"RPL41;UBB"
"DC_Gen3_Module","transfac_pro__M04770",3.28,0.0878,"TAF1 (directAnnotation). ","YY1; ZFP42 (inferredBy_MotifSimilarity). ",7,2323,"EEF1A1;H3F3A;RPL41;RPS12;RPS27;TMSB4X;UBA52"
"DC_Gen3_Module","cisbp__M4299",3.28,0.0877,"","",5,2323,"EEF1A1;H3F3A;TMSB4X;UBA52;UBB"
"DC_Gen3_Module","hdpi__MAGED4",3.27,0.0876,"MAGED4 (directAnnotation). ","",2,305,"H3F3A;TMSB4X"
"DC_Gen3_Module","flyfactorsurvey__HLHm3_SANGER_5_FBgn0002609",3.27,0.0876,"HES6 (inferredBy_Orthology). ","HES5; HES7; HEY1 (inferredBy_MotifSimilarity). ",2,305,"H3F3A;TMSB4X"
"DC_Gen3_Module","cisbp__M4795",3.26,0.0874,"IRX1; IRX2; IRX3; IRX4; IRX5; IRX6 (inferredBy_Orthology). ","",2,248,"EEF1A1;H3F3A"
"DC_Gen3_Module","transfac_pro__M02044",3.26,0.0874,"YY1 (directAnnotation). ","NR3C1; POLR2A; TAF1; YY2; ZNF597 (inferredBy_MotifSimilarity). ",7,3032,"CLUAP1;EEF1A1;H3F3A;OAZ1;RPS27;TMSB4X;UBA52"
"DC_Gen3_Module","cisbp__M1555",3.26,0.0874,"","",3,742,"EEF1A1;H3F3A;UBB"
"DC_Gen3_Module","cisbp__M0530",3.26,0.0874,"JAZF1 (inferredBy_Orthology). ","",4,1829,"EEF1A1;H3F3A;RPS27;UBB"
"DC_Gen3_Module","dbcorrdb__POLR2A__ENCSR000BGD_1__m1",3.26,0.0873,"POLR2A (directAnnotation). ","ATF3; KDM5A; TAF1; TAF7; YY1 (inferredBy_MotifSimilarity). TAF1L (inferredBy_MotifSimilarity_n_Orthology). ",7,2323,"CLUAP1;EEF1A1;H3F3A;RPL41;RPS27;TMSB4X;UBA52"
"DC_Gen3_Module","jaspar__MA0449.1",3.25,0.0872,"","BHLHE40; BHLHE41; HES1; HES2; HES5; HES7; HEY2 (inferredBy_MotifSimilarity). HES4; HES6; TCFL5 (inferredBy_MotifSimilarity_n_Orthology). ",5,2577,"EEF1A1;FTL;H3F3A;RPS12;TMSB4X"
"DC_Gen3_Module","taipale_cyt_meth__HOXA9_RTCGTAAANN_FL",3.25,0.0871,"HOXA9 (directAnnotation). ","CDX2 (inferredBy_MotifSimilarity). HOXD11 (inferredBy_MotifSimilarity_n_Orthology). ",5,3032,"EEF1A1;F2R;RPS12;TMSB4X;UBB"
"DC_Gen3_Module","cisbp__M6294",3.24,0.087,"HOXA9 (directAnnotation). ","MEIS1 (inferredBy_MotifSimilarity). ",1,16,"EEF1A1"
"DC_Gen3_Module","taipale_cyt_meth__CREB1_NRTGAYGTN_eDBD_meth",3.24,0.087,"CREB1 (directAnnotation). ","",1,19,"TPT1"
"DC_Gen3_Module","cisbp__M0043",3.24,0.0869,"","",7,4827,"EEF1A1;H3F3A;OAZ1;RPS12;TMSB4X;UBA52;UBB"
"DC_Gen3_Module","cisbp__M0359",3.24,0.0868,"","ATF6; ATF6B; CREB3; CREB3L1; CREB3L2; CREB3L4; XBP1 (inferredBy_MotifSimilarity). ",5,1312,"CLUAP1;EEF1A1;H3F3A;TPT1;UBB"
"DC_Gen3_Module","predrem__nrMotif2669",3.24,0.0868,"","",2,305,"EEF1A1;H3F3A"
"DC_Gen3_Module","transfac_pro__M00738",3.24,0.0868,"TFDP1 (directAnnotation). ","E2F1; E2F2; E2F3; E2F4; E2F5; RB1 (inferredBy_MotifSimilarity). ",4,1696,"CLUAP1;EEF1A1;H3F3A;TPT1"
"DC_Gen3_Module","jaspar__MA1034.1",3.23,0.0867,"","",6,4262,"EEF1A1;H3F3A;OAZ1;RPS12;TMSB4X;UBA52"
"DC_Gen3_Module","transfac_pro__M03555",3.23,0.0867,"ILF2; NFATC2 (directAnnotation). ","",3,742,"H3F3A;RPS27;TMSB4X"
"DC_Gen3_Module","hocomoco__HSF1_HUMAN.H11MO.1.A",3.23,0.0867,"HSF1 (directAnnotation). ","",3,742,"FTL;HBA2;TPT1"
"DC_Gen3_Module","dbcorrdb__NELFE__ENCSR000DOF_1__m7",3.23,0.0866,"NELFE (directAnnotation). ","",2,305,"EEF1A1;H3F3A"
"DC_Gen3_Module","dbcorrdb__POLR2A__ENCSR000EUU_1__m2",3.22,0.0865,"POLR2A (directAnnotation). ","",2,234,"H3F3A;UBB"
"DC_Gen3_Module","cisbp__M0311",3.22,0.0865,"JUN (inferredBy_Orthology). ","JUND (inferredBy_MotifSimilarity). ",3,565,"OAZ1;TPT1;UBB"
"DC_Gen3_Module","homer__GGCGGGAAAH_E2F4",3.22,0.0864,"E2F4 (directAnnotation). ","E2F3; E2F6; E2F7; TFDP1 (inferredBy_MotifSimilarity). EVX1; EVX2 (inferredBy_MotifSimilarity_n_Orthology). ",7,3397,"EEF1A1;H3F3A;RPS12;RPS27;TPT1;UBA52;UBB"
"DC_Gen3_Module","hocomoco__GMEB2_HUMAN.H11MO.0.D",3.22,0.0864,"GMEB2 (directAnnotation). ","",3,565,"OAZ1;TPT1;UBB"
"DC_Gen3_Module","taipale__Foxc1_DBD_RTAAAYA_repr",3.22,0.0863,"FOXC1 (inferredBy_Orthology). ","FOXC2; FOXD1; FOXD2; FOXD3; FOXD4; FOXD4L1; FOXD4L3; FOXD4L4; FOXD4L5; FOXD4L6 (inferredBy_MotifSimilarity_n_Orthology). ",4,1312,"F2R;H3F3A;LAIR1;UBB"
"DC_Gen3_Module","jaspar__MA0324.1",3.21,0.0862,"","",4,1424,"EEF1A1;H3F3A;RPS12;UBA52"
"DC_Gen3_Module","elemento__CGAGCGC",3.21,0.0862,"","",9,4827,"CLUAP1;EEF1A1;FTL;H3F3A;RPS12;TMSB4X;TPT1;UBA52;UBB"
"DC_Gen3_Module","transfac_pro__M05006",3.21,0.0861,"","",3,822,"EEF1A1;H3F3A;RPS12"
"DC_Gen3_Module","dbcorrdb__POLR2A__ENCSR000EUU_1__m1",3.2,0.086,"POLR2A (directAnnotation). ","",2,218,"UBA52;UBB"
"DC_Gen3_Module","taipale_cyt_meth__ATF4_GGATGATGTCATCC_eDBD_meth",3.2,0.0859,"ATF4 (directAnnotation). ","ATF2; ATF3; ATF6; ATF6B; ATF7; BATF3; CREB3; CREB3L4; CREB5; FOS; FOSB; FOSL1; FOSL2; JDP2; JUN; JUNB; JUND; XBP1 (inferredBy_MotifSimilarity). ",2,387,"TMSB4X;TPT1"
"DC_Gen3_Module","dbcorrdb__POLR2AphosphoS5__ENCSR000BPA_1__m2",3.2,0.0859,"","",2,225,"EEF1A1;RPS27"
"DC_Gen3_Module","cisbp__M4711",3.2,0.0859,"","E2F4; E2F7; TFDP2 (inferredBy_MotifSimilarity). ",7,3611,"EEF1A1;H3F3A;OAZ1;RPL41;RPS12;TPT1;UBA52"
"DC_Gen3_Module","transfac_pro__M01950",3.19,0.0857,"","",6,4046,"EEF1A1;H3F3A;RPS12;RPS27;TMSB4X;UBB"
"DC_Gen3_Module","cisbp__M1521",3.19,0.0857,"","NFATC1; NFATC2; NFATC3; NFATC4 (inferredBy_MotifSimilarity). ",2,305,"H3F3A;TMSB4X"
"DC_Gen3_Module","jaspar__MA0437.1",3.18,0.0856,"","",6,4262,"EEF1A1;H3F3A;RPS12;RPS27;TMSB4X;UBB"
"DC_Gen3_Module","cisbp__M2253",3.18,0.0856,"","BHLHE40; BHLHE41; HES1; HES2; HES5; HES7; HEY1; HEY2 (inferredBy_MotifSimilarity). HES4; HES6; TCFL5 (inferredBy_MotifSimilarity_n_Orthology). ",5,2656,"EEF1A1;FTL;H3F3A;RPS12;TMSB4X"
"DC_Gen3_Module","cisbp__M2567",3.18,0.0856,"HSF1; HSF2; HSF4 (inferredBy_Orthology). ","",6,3296,"FTL;HBA2;OAZ1;TMSB4X;TPT1;UBB"
"DC_Gen3_Module","jaspar__MA0152.1",3.18,0.0855,"NFATC2 (directAnnotation). ","",2,248,"H3F3A;TMSB4X"
"DC_Gen3_Module","flyfactorsurvey__pho_SANGER_10_FBgn0002521",3.18,0.0855,"YY1; YY2 (inferredBy_Orthology). ","NR3C1; POLR2A; TAF1; ZNF597 (inferredBy_MotifSimilarity). TAF1L (inferredBy_MotifSimilarity_n_Orthology). ",7,1575,"CLUAP1;EEF1A1;H3F3A;RPL41;RPS27;TMSB4X;UBA52"
"DC_Gen3_Module","transfac_pro__M01629",3.18,0.0855,"","",4,1383,"EEF1A1;H3F3A;RPS12;UBA52"
"DC_Gen3_Module","cisbp__M4603",3.18,0.0854,"YY1 (directAnnotation). ","KDM5A; NR3C1; PHF8; POLR2A; TAF1; TAF7; THAP1; ZFP42; ZNF597 (inferredBy_MotifSimilarity). TAF1L; YY2 (inferredBy_MotifSimilarity_n_Orthology). ",6,1724,"CLUAP1;EEF1A1;H3F3A;RPS27;TMSB4X;UBA52"
"DC_Gen3_Module","dbcorrdb__POLR2A__ENCSR000BHZ_1__m1",3.17,0.0853,"POLR2A (directAnnotation). ","ATF3; GTF2F1; KDM5A; TAF1; TAF7; THAP1; YY1 (inferredBy_MotifSimilarity). ",8,4827,"CLUAP1;EEF1A1;H3F3A;RPL41;RPS12;RPS27;UBA52;UBB"
"DC_Gen3_Module","cisbp__M0004",3.16,0.0851,"","TAF1 (inferredBy_MotifSimilarity). ",2,333,"H3F3A;TMSB4X"
"DC_Gen3_Module","cisbp__M5319",3.16,0.0851,"CEBPG (directAnnotation). ","CEBPA; CEBPB; CEBPD; CEBPE; EP300 (inferredBy_MotifSimilarity). ",4,1696,"EEF1A1;OAZ1;TPT1;UBB"
"DC_Gen3_Module","cisbp__M1168",3.16,0.0851,"","",2,305,"FTL;UBB"
"DC_Gen3_Module","transfac_pro__M01250",3.16,0.085,"E2F1 (directAnnotation). ","",1,1,"H3F3A"
"DC_Gen3_Module","predrem__nrMotif549",3.16,0.085,"","",2,305,"H3F3A;RPS27"
"DC_Gen3_Module","taipale_tf_pairs__HOXB2_HOXB13_NNATCATNGTAAA_CAP_repr",3.16,0.0849,"HOXB13; HOXB2 (directAnnotation). ","",2,387,"TMSB4X;UBB"
"DC_Gen3_Module","transfac_pro__M05036",3.15,0.0847,"","",3,763,"EEF1A1;H3F3A;RPS12"
"DC_Gen3_Module","taipale__ETV6_full_CCGGAASCGGAAGTN_repr",3.14,0.0845,"ETV6 (directAnnotation). ","BCLAF1; ELF1; ELF2; ELF5; ELK1; ELK3; ELK4; ERF; ERG; ETS1; ETS2; ETV1; ETV2; ETV3; ETV4; ETV5; FEV; FLI1; GABPA; HCFC1; IRF1; PHF8; PML; POLR2A; RELA; TAF1 (inferredBy_MotifSimilarity). ELF4 (inferredBy_MotifSimilarity_n_Orthology). ",4,2323,"RPL41;RPS12;RPS27;UBA52"
"DC_Gen3_Module","cisbp__M6185",3.14,0.0845,"CXXC1 (directAnnotation). ","",5,2831,"EEF1A1;H3F3A;OAZ1;TMSB4X;UBB"
"DC_Gen3_Module","dbcorrdb__MXI1__ENCSR000EFE_1__m2",3.14,0.0845,"MXI1 (directAnnotation). ","BCLAF1; ELF1; ELK1; ELK4; ETS1; GABPA; HCFC1; PHF8; POLR2A; TAF1 (inferredBy_MotifSimilarity). ",2,248,"EEF1A1;H3F3A"
"DC_Gen3_Module","homer__GCCACGTG_E-box",3.14,0.0845,"","ATF6B; CREB3; CREB3L1; CREB3L4; MYC (inferredBy_MotifSimilarity). ATF6; CLOCK; CREB3L2 (inferredBy_MotifSimilarity_n_Orthology). ",3,742,"EEF1A1;H3F3A;UBB"
"DC_Gen3_Module","cisbp__M0148",3.13,0.0843,"","",5,3032,"CLUAP1;EEF1A1;RPS12;RPS27;UBB"
"DC_Gen3_Module","dbcorrdb__POLR3G__ENCSR000EHQ_1__m4",3.12,0.0842,"POLR3G (directAnnotation). ","CEBPZ; CTCF; CUX1; HOXC10; IRF3; RAD21; SREBF2 (inferredBy_MotifSimilarity). ",4,2323,"CLUAP1;RPS27;UBA52;UBB"
"DC_Gen3_Module","taipale_tf_pairs__TEAD4_SPIB_RGAATGCGGAAGTN_CAP_1",3.12,0.0842,"SPIB; TEAD4 (directAnnotation). ","",5,3032,"EEF1A1;H3F3A;HBA2;RPL41;TMSB4X"
"DC_Gen3_Module","taipale__YY1_full_NCCGCCATTNN",3.12,0.0842,"YY1 (directAnnotation). ","YY2 (inferredBy_MotifSimilarity). ",2,305,"EEF1A1;H3F3A"
"DC_Gen3_Module","fantom__motif89_CGCCGTGTTTA",3.12,0.0841,"","",5,1829,"EEF1A1;H3F3A;RPS27;TMSB4X;UBA52"
"DC_Gen3_Module","dbcorrdb__EZH2__ENCSR000ARK_1__m3",3.12,0.084,"EZH2 (directAnnotation). ","",2,387,"H3F3A;RPS27"
"DC_Gen3_Module","hocomoco__ZNF85_HUMAN.H11MO.0.C",3.12,0.084,"ZNF85 (directAnnotation). ","",2,387,"H3F3A;UBB"
"DC_Gen3_Module","cisbp__M0367",3.11,0.0839,"","JDP2 (inferredBy_MotifSimilarity_n_Orthology). ",4,1312,"H3F3A;TMSB4X;TPT1;UBB"
"DC_Gen3_Module","cisbp__M0011",3.11,0.0838,"","TAF1 (inferredBy_MotifSimilarity). ",2,305,"H3F3A;TMSB4X"
"DC_Gen3_Module","cisbp__M4493",3.11,0.0838,"YY1 (directAnnotation). ","KDM5A; PHF8; POLR2A; TAF1; TAF7; ZFP42 (inferredBy_MotifSimilarity). TAF1L (inferredBy_MotifSimilarity_n_Orthology). ",8,4827,"CLUAP1;EEF1A1;H3F3A;OAZ1;RPS27;TMSB4X;TPT1;UBA52"
"DC_Gen3_Module","transfac_pro__M04895",3.11,0.0838,"E2F1 (directAnnotation). ","",3,742,"EEF1A1;H3F3A;TMSB4X"
"DC_Gen3_Module","transfac_pro__M05256",3.1,0.0837,"","",8,4895,"EEF1A1;FTL;HBA2;LAIR1;OAZ1;RPS27;TMSB4X;UBA52"
"DC_Gen3_Module","transfac_pro__M02881",3.08,0.0832,"MAX (inferredBy_Orthology). ","",2,328,"H3F3A;TMSB4X"
"DC_Gen3_Module","hdpi__U2AF1",3.08,0.0832,"U2AF1 (directAnnotation). ","",2,321,"H3F3A;TMSB4X"
"DC_Gen3_Module","transfac_pro__M08916",3.08,0.0832,"FOXP2 (directAnnotation). ","FOXD2; FOXG1; FOXJ2; FOXL1; FOXO1; FOXO3; FOXP1 (inferredBy_MotifSimilarity). FOXA2; FOXJ3; FOXK1; FOXP3; FOXP4 (inferredBy_MotifSimilarity_n_Orthology). ",2,387,"H3F3A;UBB"
"DC_Gen3_Module","predrem__nrMotif4",3.08,0.0832,"","POLR3G (inferredBy_MotifSimilarity). ",7,3963,"CLUAP1;EEF1A1;H3F3A;LAIR1;RPS27;TMSB4X;UBB"
"DC_Gen3_Module","elemento__GCCGCGC",3.08,0.0832,"","",4,1312,"EEF1A1;H3F3A;TMSB4X;UBB"
"DC_Gen3_Module","transfac_pro__M01560",3.08,0.0831,"","",5,2323,"EEF1A1;H3F3A;TMSB4X;UBA52;UBB"
"DC_Gen3_Module","cisbp__M0022",3.08,0.0831,"","TAF1; TAF1L (inferredBy_MotifSimilarity_n_Orthology). ",7,4262,"EEF1A1;H3F3A;RPS12;RPS27;TMSB4X;TPT1;UBB"
"DC_Gen3_Module","taipale_tf_pairs__ATF4_CEBPB_NNATGAYGCAAYN_CAP",3.07,0.083,"ATF4; CEBPB (directAnnotation). ","",2,387,"OAZ1;UBB"
"DC_Gen3_Module","cisbp__M1735",3.07,0.0829,"","",2,305,"EEF1A1;H3F3A"
"DC_Gen3_Module","jaspar__MA1004.1",3.06,0.0827,"","",2,248,"H3F3A;TMSB4X"
"DC_Gen3_Module","elemento__CCGGGTC",3.06,0.0827,"","",2,387,"FTL;H3F3A"
"DC_Gen3_Module","transfac_pro__M01251",3.06,0.0826,"E2F1 (directAnnotation). ","",3,1312,"F2R;H3F3A;UBB"
"DC_Gen3_Module","transfac_pro__M09513",3.06,0.0826,"","ATF6; ATF6B; CREB3; CREB3L1; CREB3L2; CREB3L4; XBP1 (inferredBy_MotifSimilarity). ",2,305,"EEF1A1;RPS12"
"DC_Gen3_Module","stark__CATNNNNCGCG",3.05,0.0825,"","",2,387,"TMSB4X;TPT1"
"DC_Gen3_Module","cisbp__M1810",3.05,0.0825,"","",4,1424,"CLUAP1;EEF1A1;H3F3A;UBB"
"DC_Gen3_Module","jaspar__MA0310.1",3.05,0.0824,"","NPAS2 (inferredBy_MotifSimilarity). ",5,2556,"CLUAP1;EEF1A1;H3F3A;TMSB4X;UBB"
"DC_Gen3_Module","idmmpmm__hb",3.05,0.0824,"ZNF513 (inferredBy_Orthology). ","ZNF362; ZNF384 (inferredBy_MotifSimilarity_n_Orthology). ",4,1548,"H3F3A;RPL41;RPS27;UBB"
"DC_Gen3_Module","yetfasco__YKL038W_2227",3.04,0.0823,"","",6,3485,"CLUAP1;EEF1A1;H3F3A;RPS12;TMSB4X;UBB"
"DC_Gen3_Module","transfac_pro__M01610",3.04,0.0822,"","NPAS2 (inferredBy_MotifSimilarity). ",5,2556,"CLUAP1;EEF1A1;H3F3A;TMSB4X;UBB"
"DC_Gen3_Module","cisbp__M2345",3.04,0.0822,"","",2,305,"EEF1A1;H3F3A"
"DC_Gen3_Module","predrem__nrMotif939",3.04,0.0821,"","",4,1717,"CLUAP1;EEF1A1;H3F3A;TMSB4X"
"DC_Gen3_Module","jaspar__MA0552.1",3.04,0.0821,"","",2,321,"EEF1A1;H3F3A"
"DC_Gen3_Module","cisbp__M0020",3.03,0.082,"","",2,305,"H3F3A;TMSB4X"
"DC_Gen3_Module","cisbp__M1407",3.03,0.082,"","",1,29,"H3F3A"
"DC_Gen3_Module","transfac_pro__M05021",3.03,0.0819,"","",4,742,"EEF1A1;H3F3A;RPS12;RPS27"
"DC_Gen3_Module","taipale_cyt_meth__YY1_NGCCGCCATYTTGN_FL",3.03,0.0819,"YY1 (directAnnotation). ","NR3C1; POLR2A; YY2; ZFP42; ZNF597 (inferredBy_MotifSimilarity). ",6,2323,"CLUAP1;EEF1A1;H3F3A;RPS27;TMSB4X;UBA52"
"DC_Gen3_Module","taipale__SPDEF_DBD_GTGGTCCCGGATYAT_repr",3.03,0.0819,"SPDEF (directAnnotation). ","",2,333,"EEF1A1;TMSB4X"
"DC_Gen3_Module","transfac_pro__M05447",3.02,0.0818,"INSM2 (inferredBy_Orthology). ","",4,742,"CLUAP1;EEF1A1;H3F3A;RPS12"
"DC_Gen3_Module","cisbp__M0073",3.01,0.0816,"","",1,10,"H3F3A"
"DC_Gen3_Module","jaspar__MA1005.1",3.01,0.0816,"","ATF3; TAF1 (inferredBy_MotifSimilarity). ",2,305,"H3F3A;TMSB4X"
"DC_Gen3_Module","taipale_tf_pairs__HOXB13_Fox_NNMAACAYNRTAAA_ChIP_Exo",3.01,0.0815,"HOXB13 (directAnnotation). ","",5,2556,"EEF1A1;H3F3A;RPS27;TPT1;UBB"
"DC_Gen3_Module","cisbp__M0325",3.01,0.0815,"","",1,6,"TPT1"
"DC_Gen3_Module","taipale_cyt_meth__ZNF597_GGCGGCCATYTTGN_FL_meth_repr",3.01,0.0815,"ZNF597 (directAnnotation). ","YY1; YY2; ZFP42 (inferredBy_MotifSimilarity). ",8,4262,"CLUAP1;EEF1A1;H3F3A;RPS12;RPS27;TMSB4X;UBA52;UBB"
"DC_Gen3_Module","transfac_pro__M02940",3,0.0814,"ZIC2 (inferredBy_Orthology). ","ZIC1 (inferredBy_MotifSimilarity_n_Orthology). ",2,393,"CLUAP1;TMSB4X"
"DC_Gen3_Module","yetfasco__YDL056W_2138",3,0.0814,"","",7,4543,"EEF1A1;H3F3A;RPL41;RPS12;RPS27;TMSB4X;UBB"
